"http://ieeexplore.ieee.org/search/searchresult.jsp?download-format=download-csv&ar=5770397,6181073,7375560,5230665,6217486,6466608,6258304,6069708,6006035,6152225,5302184,4689090,4278997,1007774,4283901,6844191,5273867,6950165,6725325,7410264,7396401,5161247,7043673,5708950,7502990,4554355,5462152,5501976,6174775,5999850,4660030,7423666,6422291,6892653,5279563,5948952,1460505,6688003,6299287,6296104,892235,5584418,1323596,1594837,6769684,6990267,7165133,6513216,6029887,1223682,5532380",2016/08/04 11:37:31
"Document Title",Authors,"Author Affiliations","Publication Title",Date Added To Xplore,"Year","Volume","Issue","Start Page","End Page","Abstract","ISSN","ISBN","EISBN","DOI",PDF Link,"Author Keywords","IEEE Terms","INSPEC Controlled Terms","INSPEC Non-Controlled Terms","MeSH Terms",Article Citation Count,Patent Citation Count,"Reference Count","Copyright Year","Online Date",Issue Date,"Meeting Date","Publisher",Document Identifier
"A Dynamic Core Grouping Approach to Improve Raw Architecture Many-core Processor Performance","Z. Wan","","Parallel Computing in Electrical Engineering (PARELEC), 2011 6th International Symposium on","20110519","2011","","","31","35","The ongoing move of hardware platforms to many-core processor challenges the traditional software design methodology. It is critical to develop new programming paradigms and efficient ways to port legacy applications. This paper analyzed a typical packet processing application and also the cache hierarchy and behavior of Raw architecture many-core processor. It presented an easy to implement run-time dynamic core grouping approach to improve the system performance. This approach reduced the cache swap latency by grouping neighbor cores attached to the mesh network. It optimized the scale of group by experimental data got beforehand. The test results showed this approach can improve the Deep Packet Inspection (DPI) system performance around 10% with very minor code change.","","978-1-4577-0078-1;9781457700781","978-0-7695-4397-0;9780769543970","10.1109/PARELEC.2011.30","http://ieeexplore.ieee.org/stamp/stamp.jsp?arnumber=5770397","Core Grouping;Deep Packet Inspection;Many-core Processor;Packet Processing","Computer architecture;Hardware;Inspection;Mesh networks;System performance;Throughput;Tiles","multiprocessing systems;parallel architectures;performance evaluation","cache hierarchy;deep packet inspection system;hardware platforms;legacy applications;packet processing application;programming paradigms;raw architecture many-core processor performance;run-time dynamic core grouping approach;software design methodology","","0","","6","","","3-7 April 2011","","IEEE","IEEE Conference Publications"
"Notice of Retraction<BR>Q-Accountable: A overhead-based quantifiable accountability in wireless networks","Bo Fu; Y. Xiao","Department of Computer Science, The University of Alabama, Tuscaloosa, AL, USA","2012 IEEE Consumer Communications and Networking Conference (CCNC)","20120412","2012","","","138","142","Notice of Retraction<BR><BR>After careful and considered review of the content of this paper by a duly constituted expert committee, this paper has been found to be in violation of IEEE's Publication Principles.<BR><BR>We hereby retract the content of this paper. Reasonable effort should be made to remove all past references to this paper.<BR><BR>The presenting author of this paper has the option to appeal this decision by contacting TPII@ieee.org.<BR><BR>In this paper, we propose a quantifiable accountability in wireless networks. We present two methods to evaluate the accountable logging of a network via the users' accepted overhead (called Q-Accountable Logging by Overhead), and P-Accountable Logging. Q-Accountable Logging by Overhead is introduced first time in this work, and P-Accountable Logging derives from our previous work P-Accountability.","2331-9852;23319852","978-1-4577-2070-3;9781457720703","","10.1109/CCNC.2012.6181073","http://ieeexplore.ieee.org/stamp/stamp.jsp?arnumber=6181073","Accountability;Q-Accountable;flow-net","Authentication;Computers;Intrusion detection;Protocols;Radiofrequency identification;Wireless networks","radio networks;recording","P-accountable logging;Q-accountable logging;overhead-based quantifiable accountability;wireless networks","","0","","72","","","14-17 Jan. 2012","","IEEE","IEEE Conference Publications"
"Implementation of energy aware secure routing protocol over flooding environment in MANET","K. Sawant; M. K. Rawat; A. Jain","Comput. Sci., LNCT, Indore, India","Computer, Communication and Control (IC4), 2015 International Conference on","20160111","2015","","","1","5","One of the most up-and-coming fields for research is mobile ad hoc network. Therefore independent nods mobility is an essential property of network. In these networks the routing protocol played important role in route discovery between communicating nodes. Due to this the network suffers from the performance issues. Among them security is main area of concern in the presented work. In this paper, we are clarify the incident of flooding attack and their exposed to the possibility of being attacked or harmed effects which give chance to a legitimate node for doing dissimilar attacks also. So we get going towards is to recognize the presence or existence of DOS flooding attack using secure routing protocols.","","978-1-4799-8163-2;9781479981632","","10.1109/IC4.2015.7375560","http://ieeexplore.ieee.org/stamp/stamp.jsp?arnumber=7375560","DOS;Energy Awareness;Flooding Attack;RREQ;style","Computer crime;Floods;Mobile ad hoc networks;Routing;Routing protocols","mobile ad hoc networks;routing protocols;telecommunication power management;telecommunication security","DOS flooding attack;MANET;energy aware secure routing protocol;flooding environment;independent nods mobility;mobile ad hoc network;route discovery","","","","21","","","10-12 Sept. 2015","","IEEE","IEEE Conference Publications"
"Cross-Layer Based Anomaly Detection in Wireless Mesh Networks","X. Wang; J. S. Wong; F. Stanley; S. Basu","Dept. of Comput. Sci., Iowa State Univ., Ames, IA, USA","Applications and the Internet, 2009. SAINT '09. Ninth Annual International Symposium on","20090904","2009","","","9","15","Wireless mesh networking has been a cost-effective technology that provides wide-coverage broadband wireless network services. However, security and privacy in this proliferated network environment have not been widely studied. In this work, we propose a cross-layer based anomaly intrusion detection system (IDS) to accommodate the integrated property of routing protocols with link information in wireless mesh networks (WMNs). An IDS software prototype over a wireless mesh network testbed has been implemented and evaluated. By comparing the performance of the cross-layer approach with that of single-layer based intrusion detection, especially an IDS at network layer, we validate the effectiveness of cross-layer based anomaly detection in WMNs.","","978-1-4244-4776-3;9781424447763","978-0-7695-3700-9;9780769537009","10.1109/SAINT.2009.11","http://ieeexplore.ieee.org/stamp/stamp.jsp?arnumber=5230665","Cross-layer;intrusion detection;wireless mesh network","Cross layer design;IP networks;Intrusion detection;Mobile ad hoc networks;Privacy;Protection;Routing;Web and internet services;Wireless mesh networks;Wireless sensor networks","broadband networks;radio networks;routing protocols;telecommunication network topology","cost-effective technology;cross-layer based anomaly intrusion detection system;routing protocols;wide-coverage broadband wireless network services;wireless mesh networks","","3","","14","","","20-24 July 2009","","IEEE","IEEE Conference Publications"
"IDSaaS: Intrusion Detection System as a Service in Public Clouds","T. Alharkan; P. Martin","Sch. of Comput., Queen's Univ., Kingston, ON, Canada","Cluster, Cloud and Grid Computing (CCGrid), 2012 12th IEEE/ACM International Symposium on","20120614","2012","","","686","687","In a public cloud computing environment, consumers cannot always just depend on the cloud provider's security infrastructure. They may need to monitor and protect their virtual existence by implementing their own intrusion detection capabilities along with other security technologies within the cloud fabric. Intrusion Detection as a Service (IDSaaS) targets security of the infrastructure level of a public cloud (IaaS) by providing intrusion detection technology that is highly elastic, portable and fully controlled by the cloud consumer. A prototype of IDSaaS is described.","","978-1-4673-1395-7;9781467313957","","10.1109/CCGrid.2012.81","http://ieeexplore.ieee.org/stamp/stamp.jsp?arnumber=6217486","Cloud Computing;Intrusion Detection system;Security","Cloud computing;Educational institutions;Intrusion detection;Monitoring;Virtual machining","cloud computing;security of data","IDSaaS;cloud consumer;cloud fabric;cloud provider security infrastructure;intrusion detection system as a service;intrusion detection technology;public cloud computing environment","","14","","2","","","13-16 May 2012","","IEEE","IEEE Conference Publications"
"Detecting abnormal activities from multi-sensor surveillance systems","M. M&#x00E4;&#x00E4;tt&#x00E4;; J. Ker&#x00E4;nen; T. R&#x00E4;ty; M. Nieminen","VTT Technical Research Centre of Finland, Oulu, Finland","Control, Automation and Information Sciences (ICCAIS), 2012 International Conference on","20130221","2012","","","30","35","The main purpose of a surveillance system is to monitor valuable assets, such as office buildings and homes, and report any occurring security incidents. Sensor malfunctions or abnormal usages of the system are possible scenarios in a real life and a surveillance system with hundreds of sensors is creating a vast amount of data which is impossible to handle manually. This renders the fixing of these potential faults slow and expensive. This paper proposes a system which can analyse data received from a surveillance system. The proposed system will report abnormal activities, such as malfunctioning or dead sensors, abnormal usage, and abnormal events created by the surveillance system. The experimental evaluation is performed by using six cases describing different types of abnormal activity. The experiments indicate that the proposed system can effectively pinpoint faulty sensors and other abnormal activities. This will ease the task of the maintenance personnel to locate and fix possible problem in the surveillance system.","","978-1-4673-0812-0;9781467308120","","10.1109/ICCAIS.2012.6466608","http://ieeexplore.ieee.org/stamp/stamp.jsp?arnumber=6466608","","Fires;Maintenance engineering;Personnel;Surveillance;Switches;XML","security of data;sensor fusion;surveillance","abnormal activity detection;dead sensor;faulty sensor;multisensor surveillance system;security incident;sensor malfunction;valuable asset monitoring","","0","","13","","","26-29 Nov. 2012","","IEEE","IEEE Conference Publications"
"Mobile Application and Device Power Usage Measurements","R. Murmuria; J. Medsger; A. Stavrou; J. M. Voas","","Software Security and Reliability (SERE), 2012 IEEE Sixth International Conference on","20120806","2012","","","147","156","Reducing power consumption has become a crucial design tenet for both mobile and other small computing devices that are not constantly connected to a power source. However, unlike devices that have a limited and predefined set of functionality, recent mobile smart phone devices have a very rich set of components and can handle multiple general purpose programs that are not a-priori known or profiled. In this paper, we present a general methodology for collecting measurements and modelling power usage on smart phones. Our goal is to characterize the device subsystems and perform accurate power measurements. We implemented a system that effectively accounts for the power usage of all of the primary hardware subsystems on the phone: CPU, display, graphics, GPS, audio, microphone, and Wi-Fi. To achieve that, we make use of the per-subsystem time shares reported by the operating system's power-management module. We present the models capability to further calculate the power consumption of individual applications given measurements, and also the feasibility of our model to operate in real-time and without significant impact in the power footprint of the devices we monitor.","","978-1-4673-2067-2;9781467320672","","10.1109/SERE.2012.19","http://ieeexplore.ieee.org/stamp/stamp.jsp?arnumber=6258304","energy model;power usage measurements;smart handheld devices","Brightness;Discharges (electric);Image color analysis;Mobile communication;Performance evaluation;Power demand;Power measurement","","","","17","","20","","","20-22 June 2012","","IEEE","IEEE Conference Publications"
"SPITFIRE: toward a semantic web of things","D. Pfisterer; K. Romer; D. Bimschas; O. Kleine; R. Mietz; C. Truong; H. Hasemann; A. Kr&#246;ller; M. Pagel; M. Hauswirth; M. Karnstedt; M. Leggieri; A. Passant; R. Richardson","University of L&#252;beck","IEEE Communications Magazine","20111110","2011","49","11","40","48","The developed world is awash with sensors. However, they are typically locked into unimodal closed systems. To unleash their full potential, access to sensors should be opened such that their data and services can be integrated with data and services available in other information systems, facilitating novel applications and services that are based on the state of the real world. We describe our vision and architecture of a Semantic Web of Things: a service infrastructure that makes the deployment and use of semantic applications involving Internet-connected sensors almost as easy as building, searching, and reading a web page today.","0163-6804;01636804","","","10.1109/MCOM.2011.6069708","http://ieeexplore.ieee.org/stamp/stamp.jsp?arnumber=6069708","","Communication protocols;Ontologies;Resource description framework;Semantics;Sensor phenomena and characterization;Sensors","semantic Web;sensors","Internet-connected sensors;SPITFIRE;Web page;information systems;semantic Web of things;sensors;unimodal closed systems","","45","1","10","","","November 2011","","IEEE","IEEE Journals & Magazines"
"Towards Optimal Monitoring in Cooperative IDS for Resource Constrained Wireless Networks","A. Hassanzadeh; R. Stoleru","Dept. of Comput. Sci. & Eng., Texas A&M Univ., College Station, TX, USA","Computer Communications and Networks (ICCCN), 2011 Proceedings of 20th International Conference on","20110829","2011","","","1","8","The problem of cooperative intrusion detection in resource constrained wireless networks (e.g., adhoc, sensor) is challenging, primarily because of the limited resources available to participating nodes. Although the problem has received some attention from the research community, little is known about the tradeoffs among different objectives, e.g. network performance, power consumption, delay in information being collected and security effectiveness. This paper proposes, to the best of our knowledge for the first time, to distribute cooperative intrusion detection functions that take into account, simultaneously, multiple objectives. We formulate the problem of identifying the type of intrusion detection each node runs as a multi-objective optimization problem and motivate/develop a genetic algorithm to solve it. Through extensive simulations we demonstrate that our solution is characterized by: a small variance in the normalized fitness values of individual/single objectives; and a smaller attack detection and reporting delay than state of art solutions. In a real implementation/evaluation of our cooperative intrusion detection system, we demonstrate that it achieves a higher detection rate (93%) than state of art solutions (60%-73%).","1095-2055;10952055","978-1-4577-0637-0;9781457706370","","10.1109/ICCCN.2011.6006035","http://ieeexplore.ieee.org/stamp/stamp.jsp?arnumber=6006035","","Biological cells;Delay;Genetic algorithms;Intrusion detection;Monitoring;Optimization;Power demand","cooperative communication;genetic algorithms;security of data;wireless sensor networks","cooperative IDS;cooperative intrusion detection functions;optimal monitoring;resource constrained wireless networks","","0","","15","","","July 31 2011-Aug. 4 2011","","IEEE","IEEE Conference Publications"
"Securing the 802.11 MAC in MANETs: A specification-based intrusion detection engine","C. Panos; P. Kotzias; C. Xenakis; I. Stavrakakis","Department of Informatics & Telecommunications, University of Athens, Athens, Greece","Wireless On-demand Network Systems and Services (WONS), 2012 9th Annual Conference on","20120216","2012","","","16","22","Specification-based detection engines share the advantages of signature-based and anomaly-based detection, since they can detect unknown attacks, without the side effects of high rates of false positives. However, such solutions for MANETs have seen limited use. This paper introduces a specification-based detection engine that is built upon the functionality and limitations of the 802.11 MAC protocol, expanding the detection range of such engines in MANETs. The proposed detection engine is deployed at each node and performs detection using a set of specifications, which describe the correct operation of the MAC protocol operating at the host node. The proposed engine introduces a number of significant advantages since it can effectively detect both known and unknown attacks in real time and with minimum overhead. Moreover, it is resilient to the dynamic topologies that are common in MANETs and its deployment requires no protocol modifications.","","978-1-4577-1721-5;9781457717215","978-1-4577-1720-8;9781457717208","10.1109/WONS.2012.6152225","http://ieeexplore.ieee.org/stamp/stamp.jsp?arnumber=6152225","802.11 vulnerabilities;IDS;MANET security;data-link layer attacks;intrusion detection system;mobile ad hoc networks;security vulnerabilities;specification-based intrusion detection engine","Ad hoc networks;Engines;IEEE 802.11 Standards;Media Access Protocol;Mobile computing;Monitoring","access protocols;mobile ad hoc networks;telecommunication network topology;telecommunication security;wireless LAN","IEEE802.11 MAC protocol security;MANET;anomaly-based detection;dynamic topology;host node;signature-based detection;specification-based intrusion detection engine","","0","","21","","","9-11 Jan. 2012","","IEEE","IEEE Conference Publications"
"A Certificate Revocation Scheme for Space Network","Y. Qian; B. Cao; X. Chen; X. Du","Inst. of Electron. Technol., PLA Inf. Eng. Univ., Zhengzhou, China","2009 5th International Conference on Wireless Communications, Networking and Mobile Computing","20091030","2009","","","1","5","The issue of certificate revocation is a challenging problem in space network, due to the reachability to security infrastructure such as CA is not assumed guaranteed. In this paper, we present a decentralized certificate revocation scheme that allows the nodes within a space network to revoke the certificates of malicious entities, depending on a local decision making, and immediately shield themselves and accuse the malicious nodes. Our scheme can be distinguished from previous proposals, in that it neither require time synchronization nor require global knowledge of the network, and can be supposed to resistant to adversarial attacks against this scheme. We also analyze quantitative the performance and security of our scheme, and show that our solution is feasible and achieves a sufficient level of robustness by means of simulations.","2161-9646;21619646","978-1-4244-3692-7;9781424436927","978-1-4244-3693-4;9781424436934","10.1109/WICOM.2009.5302184","http://ieeexplore.ieee.org/stamp/stamp.jsp?arnumber=5302184","","Analytical models;Decision making;Filters;Information security;Network topology;Performance analysis;Programmable logic arrays;Proposals;Robustness;Space technology","decision making;telecommunication security","decentralized certificate revocation scheme;local decision making;malicious entity certificate;malicious node;robustness;security infrastructure;space network","","0","","16","","","24-26 Sept. 2009","","IEEE","IEEE Conference Publications"
"Decentralized Alerts Correlation Approach for DDoS Intrusion Detection","R. Khatoun; G. Doyen; D. Gaiti; R. Saad; A. Serhrouchni","Univ. de Technol. de Troyes, Troyes","2008 New Technologies, Mobility and Security","20081125","2008","","","1","5","Availability is one of the main characteristics of Internet security and hence attacks against networks increase trying to stop services on servers. Distributed denial of service attacks are very dangerous for computer networks and services availability. Various defense systems were proposed. Unfortunately, until now, there is no efficient solution. This paper presents a decentralized architecture for an intrusion detection approach. The central point of this paper is the alert correlation among Snort intrusion detection systems (IDS). We believe that this approach optimizes the detection performance in a completely distributed fashion by relying on Pastry overlay network as indexing and routing protocol. We propose novel approach that will be improved in the future work.","2157-4952;21574952","978-1-42443547-0;9781424435470","","10.1109/NTMS.2008.ECP.36","http://ieeexplore.ieee.org/stamp/stamp.jsp?arnumber=4689090","","Availability;Computer architecture;Computer crime;Computer networks;IP networks;Indexing;Intrusion detection;Network servers;Web and internet services;Web server","Internet;computer networks;routing protocols;security of data;telecommunication security","DDoS intrusion detection;Internet security;Pastry overlay network;Snort intrusion detection systems;computer networks;decentralized alerts correlation;distributed denial of service attacks;routing protocol","","1","","13","","","5-7 Nov. 2008","","IEEE","IEEE Conference Publications"
"Toward Building a Multi-level Robust Intrusion Detection Architecture for Distributed Mobile Networks","G. Thamilarasu; R. Sridhar","University at Buffalo, USA","Distributed Computing Systems Workshops, 2007. ICDCSW '07. 27th International Conference on","20070730","2007","","","5","5","A robust intrusion detection architecture for a distributed wireless mobile network is of significant importance as it is necessary to secure these networks against malicious attacks and sustain availability of services to various applications. In this paper, we examine the limitations of a layered approach to security in mobile networks. We consider a detection framework that encompasses multiple layers of the node's protocol stack using cross-layer communications. We discuss the functional advantages of the parameter interactions in intrusion detection, with regard to a few parameters. We present the metrics that characterize an efficient detection system and analyze the benefits of a multi-level intrusion detection architecture.","1545-0678;15450678","0-7695-2838-4;0769528384","0-7695-2838-4;0769528384","10.1109/ICDCSW.2007.81","http://ieeexplore.ieee.org/stamp/stamp.jsp?arnumber=4278997","","Buildings;Communication system security;Cross layer design;Intrusion detection;Mobile ad hoc networks;Mobile communication;Peer to peer computing;Robustness;Wireless networks;Wireless sensor networks","Bayes methods;mobile radio;probability;protocols;telecommunication security","Bayes method;cross-layer communication;distributed wireless mobile network;intrusion detection architecture;protocol stack","","0","","10","","","22-29 June 2007","","IEEE","IEEE Conference Publications"
"Intrusion detection using neural networks and support vector machines","S. Mukkamala; G. Janoski; A. Sung","Dept. of Comput. Sci., New Mexico Inst. of Min. & Technol., Socorro, NM, USA","Neural Networks, 2002. IJCNN '02. Proceedings of the 2002 International Joint Conference on","20020807","2002","2","","1702","1707","Information security is an issue of serious global concern. The complexity, accessibility, and openness of the Internet have served to increase the security risk of information systems tremendously. This paper concerns intrusion detection. We describe approaches to intrusion detection using neural networks and support vector machines. The key ideas are to discover useful patterns or features that describe user behavior on a system, and use the set of relevant features to build classifiers that can recognize anomalies and known intrusions, hopefully in real time. Using a set of benchmark data from a KDD (knowledge discovery and data mining) competition designed by DARPA, we demonstrate that efficient and accurate classifiers can be built to detect intrusions. We compare the performance of neural networks based, and support vector machine based, systems for intrusion detection","1098-7576;10987576","0-7803-7278-6;0780372786","","10.1109/IJCNN.2002.1007774","http://ieeexplore.ieee.org/stamp/stamp.jsp?arnumber=1007774","","Data mining;Information security;Information systems;Internet;Intrusion detection;Neural networks;Pattern recognition;Real time systems;Support vector machine classification;Support vector machines","Internet;data mining;learning automata;neural nets;pattern classification;real-time systems;security of data;telecommunication security","Internet;KDD;SVM;data mining;information security;intrusion detection;knowledge discovery;neural networks;relevant feature set;support vector machines","","96","3","16","","","2002","12 May 2002-17 May 2002","IEEE","IEEE Conference Publications"
"Intrusion Detection with Neural Networks and Watermarking Techniques for MANET","A. Mitrokotsa; N. Komninos; C. Douligeris","Department of Informatics, University of Piraeus, 80 Karaoli & Dimitriou Str. Piraeus, 18534, Greece, mitrokat@unipi.gr","IEEE International Conference on Pervasive Services","20070808","2007","","","118","127","In mobile ad hoc networks (MANET) specific Intrusion Detection Systems (IDSs) are needed to safeguard them since traditional intrusion prevention techniques are not sufficient in the protection of MANET. In this paper we present an intrusion detection engine based on neural networks combined with a protection method, which is based on watermarking techniques. We exploit the advantages of information visualization and machine learning techniques in order to achieve intrusion detection. Then, we authenticate the maps produced by the application of the intelligent techniques using a novel combined watermarking embedded method. The performance of the proposed model is evaluated under different traffic conditions, mobility patterns and visualization metrics, showing its high efficiency.","","1-4244-1325-7;1424413257","1-4244-1326-5;1424413265","10.1109/PERSER.2007.4283901","http://ieeexplore.ieee.org/stamp/stamp.jsp?arnumber=4283901","","Engines;Intrusion detection;Learning systems;Machine learning;Mobile ad hoc networks;Neural networks;Protection;Traffic control;Visualization;Watermarking","ad hoc networks;learning (artificial intelligence);mobile radio;neural nets;security of data;watermarking","information visualization;intrusion detection engine;machine learning technique;mobile ad hoc network;neural network;watermarking technique","","3","","19","","","15-20 July 2007","","IEEE","IEEE Conference Publications"
"A-Routing for intermittently connected mobile ad hoc networks","S. Ramesh; R. Indira; R. Praveen; P. G. Kumar","CSE, Anna University Regional Centre, Madurai","Recent Trends in Information Technology (ICRTIT), 2013 International Conference on","20140626","2013","","","119","125","The Wireless and the Mobile Networks appear to provide a wide range of applications. Following these, the Mobile Ad hoc Networks (MANET) aid in wide development of many applications. The achievement of the real world applications are attained through effective routing. The Intermittently Connected Mobile Ad hoc Network (ICMANET) is a sparse network where a full connectivity is never possible. ICMANET is a disconnected MANET and is also a Delay Tolerant Network (DTN) that sustains for higher delays. The routing in a disseminated network is a difficult task. A new routing scheme called A-Routing (AR) is been proposed with a motto of achieving optimal result in delivering the data packet towards the destined node. A-Routing is proposed with the basis of Ant Colony Optimization technique (ACO). The routing in ICMNAET is done by means of Ant routing protocol. This paper enchants a novel routing methodology for data transmission in ICMANET.","","","","10.1109/ICRTIT.2013.6844191","http://ieeexplore.ieee.org/stamp/stamp.jsp?arnumber=6844191","A-R;ACO;Delay Tolerant Network;ICMANET;MANET","Data communication;Delays;Erbium;Mobile ad hoc networks;Relays;Routing;Routing protocols","ant colony optimisation;delay tolerant networks;mobile ad hoc networks;telecommunication network routing","A-routing;DTN;MANET;ant colony optimization;data transmission;delay tolerant network;intermittently connected mobile ad hoc network;mobile ad hoc networks;mobile networks;wireless networks","","0","","41","","","25-27 July 2013","","IEEE","IEEE Conference Publications"
"A novel method to guarantee QoS during DOS attacks for IPTV using SIP","A. Moh'd; L. Tawalbeh; A. sowe","Engineering Mathematics & Internetworking, Dalhousie University, Canada","Applications of Digital Information and Web Technologies, 2009. ICADIWT '09. Second International Conference on the","20091002","2009","","","838","842","In this paper we propose a new mechanism to guarantees QoS during DOS attacks for IPTV networks, we introduce the concept of ldquovideo stream handoffrdquo analogous to the ldquosoft handoffrdquo done in cellular networks, the idea is to initiate a selective video handoff procedure, either from the server side, when the DOS attack is detected, or from the user side when QoS degradation occurs. All of that should happen without interrupting the user (i.e. while the video is playing). We make use of the SIP protocol stack for signaling, QoS negotiation, and session management.","","978-1-4244-4456-4;9781424444564","978-1-4244-4457-1;9781424444571","10.1109/ICADIWT.2009.5273867","http://ieeexplore.ieee.org/stamp/stamp.jsp?arnumber=5273867","","Computer crime;Computer network reliability;Computer networks;Degradation;IP networks;IPTV;Protocols;Quality of service;Streaming media;TV","IPTV;quality of service;signalling protocols;telecommunication security;video streaming","DOS attacks;IPTV networks;QoS;SIP protocol stack;cellular networks;session management;video stream handoff","","0","","12","","","4-6 Aug. 2009","","IEEE","IEEE Conference Publications"
"Redundancy management in heterogeneous wireless sensor networks","A. Hemalatha; R. Venkatesh","Computer & Communication, PSNA College of Engineering & Technology, Dindigul, Tamilnadu, India","Communications and Signal Processing (ICCSP), 2014 International Conference on","20141110","2014","","","1849","1853","A Wireless sensor network is a special type of Ad Hoc network, composed of a large number of sensor nodes spread over a wide geographical area. Each sensor node has the wireless communication capability and sufficient intelligence for making signal processing and dissemination of data from the collecting center .In this paper deals about redundancy management for improving network efficiency and query reliability in heterogeneous wireless sensor networks. The proposed scheme deals about finding a reliable path by using redundancy management algorithm and detection of unreliable nodes by discarding the path. The redundancy management algorithm finds the reliable path based on redundancy level, average distance between a source node and destination node and analyzes the redundancy level as the path and source redundancy. For finding the path from source CH to processing center we propose intrusion tolerance in the presence of unreliable nodes. Finally we applied our analyzed result to redundancy management algorithm to find the reliable path in which the network efficiency and Query success probability will be improved.","","978-1-4799-3357-0;9781479933570","","10.1109/ICCSP.2014.6950165","http://ieeexplore.ieee.org/stamp/stamp.jsp?arnumber=6950165","intrusion tolerance;multipath routing;reliability;wireless sensor network","Ad hoc networks;Indexes;Quality of service;Redundancy;Tin;Wireless sensor networks","ad hoc networks;probability;queueing theory;redundancy;signal processing;telecommunication network reliability;wireless sensor networks","ad hoc network;destination node;geographical area;heterogeneous wireless sensor networks;intrusion tolerance;network efficiency;query reliability;query success probability;redundancy management algorithm;signal dissemination;signal processing;source node;unreliable nodes detection","","0","","11","","","3-5 April 2014","","IEEE","IEEE Conference Publications"
"Intrusion Detection System in Cloud Computing: Challenges and opportunities","Y. Mehmood; M. A. Shibli; U. Habiba; R. Masood","SEECS, Nat. Univ. of Sci. & Technol., Islamabad, Pakistan","Information Assurance (NCIA), 2013 2nd National Conference on","20140210","2013","","","59","66","Today, Cloud Computing is the preferred choice of every IT organization since it provides flexible and pay-per-use based services to its users. However, the security and privacy is a major hurdle in its success because of its open and distributed architecture that is vulnerable to intruders. Intrusion Detection System (IDS) is the most commonly used mechanism to detect attacks on cloud. This paper provides an overview of different intrusions in cloud. Then, we analyze some existing cloud based intrusion detection systems (IDS) with respect to their type, positioning, detection time, detection technique, data source and attacks they can detect. The analysis also provides limitations of each technique to evaluate whether they fulfill the security requirements of cloud computing environment or not. We emphasize the deployment of IDS that uses multiple detection methods to cope with security challenges in cloud.","","978-1-4799-1287-2;9781479912872","","10.1109/NCIA.2013.6725325","http://ieeexplore.ieee.org/stamp/stamp.jsp?arnumber=6725325","Anomaly;Cloud Computing;Cloud Security;Intrusion Detection System;Signature","Cloud computing;Computer crime;Intrusion detection;Ports (Computers);Servers;Virtual machine monitors","cloud computing;computer crime;data privacy","IDS;IT organization;attacks detection;cloud based intrusion detection systems;cloud computing;data source;detection technique;detection time;distributed architecture;open architecture;pay-per-use based services;positioning;privacy;security requirements","","3","","29","","","11-12 Dec. 2013","","IEEE","IEEE Conference Publications"
"A novel algorithm for pattern matching with back references","L. Yang; V. Ganapathy; P. Manadhata; Ye Wu","Baidu, Inc., Shenzhen, China 518000","2015 IEEE 34th International Performance Computing and Communications Conference (IPCCC)","20160218","2015","","","1","8","Modern network security applications, such as network-based intrusion detection systems (NIDS) and firewalls, routinely employ deep packet inspection to identify malicious traffic. In deep packet inspection, the contents of network traffic are matched against patterns of malicious traffic to identify attack-carrying packets. The pattern matching algorithms employed for deep packet inspection must be fast, as the algorithms are often implemented on middle-boxes residing on high-speed gigabits per second links. The majority of patterns employed in network security applications are regular languages. However, regular language-based patterns have limited expressive power and are not capable of describing some complex features in network payload. Back reference is an important feature provided by many pattern matching tools, e.g., PCRE, the regular expression libraries of Java, Perl, and Python. Back references are used to identify repeated patterns in input strings. Patterns containing back-references are non-regular languages. Very little work has been done to improve the time-efficiency of back reference-based pattern matching. The de facto algorithm to implement back reference is recursive backtracking, but it is vulnerable to algorithmic complexity attacks. In this paper, we present a novel approach to implement back references. The basic idea of our approach is to transform a back reference problem to a conditional submatch problem, and represent it with a Non-deterministic Finite Automata (NFA)-like machine subject to some constraints. Our experimental results show that our approach resists known algorithmic complexity attacks, and is faster than PCRE by up to three orders of magnitude for certain types of patterns.","","","","10.1109/PCCC.2015.7410264","http://ieeexplore.ieee.org/stamp/stamp.jsp?arnumber=7410264","Back reference;Finite automaton;Network-based Intrusion Detection System;Pattern matching","Resists","finite automata;formal languages;pattern matching;security of data","NFA-like machine;back reference-based pattern matching algorithm;conditional submatch problem;de facto algorithm;firewalls;modern network security applications;network-based intrusion detection systems;nondeterministic finite automata like machine;recursive backtracking;regular language-based patterns","","","","28","","","14-16 Dec. 2015","","IEEE","IEEE Conference Publications"
"Comparative study of machine learning techniques for pre-processing of network intrusion data","F. Rahat; S. N. Ahsan","Karachi Institute of Power Engineering, Paradise Point, Karachi, Pakistan","2015 International Conference on Open Source Systems & Technologies (ICOSST)","20160204","2015","","","46","51","Machine learning is widely used for network intrusion detection but the data it uses faces problems of large feature set and class imbalance which is inherent in network traffic data. This paper focuses on the performance evaluation of different strategies used for mitigating both the problems. Data used for classification was KDDCUP'99 which is a benchmark data set for intrusion detection and suffers greatly from class imbalance problem. Noise was also added to data to evaluate the performance of classifiers for noisy data. Different combinations of strategies form different scenarios. Four possible scenarios are tested by using different combinations of sampling, feature set reduction and classification. Classifiers are used for evaluating the performance of each scenario. Feature set was reduced to nine features from forty one features. Stratified remove folds and Resampling were applied to remove class imbalance problem. Results have shown that Nearest Neighbor, J48 classifier are best suited for real time detection with pre-processing whereas Gain Ratio is suitable for feature selection.","","978-1-4799-7811-3;9781479978113","","10.1109/ICOSST.2015.7396401","http://ieeexplore.ieee.org/stamp/stamp.jsp?arnumber=7396401","Sampling;class imbalance;classifiers;feature set;intrusion detection","Benchmark testing;Classification algorithms;Data mining;Feature extraction;Intrusion detection;Machine learning algorithms;Real-time systems","feature selection;learning (artificial intelligence);pattern classification;sampling methods;security of data","J48 classifier;KDDCUP'99 dataset;class imbalance problem;feature selection;feature set reduction;gain ratio;machine learning techniques;nearest neighbor classifier;network intrusion data preprocessing;network intrusion detection;resampling;stratified remove folds","","","","20","","","17-19 Dec. 2015","","IEEE","IEEE Conference Publications"
"Performance analysis of distributed intrusion detection protocols for mobile group communication systems","J. H. Cho; I. R. Chen","Computational & Information Sciences Directorate, U.S. Army Research Laboratory, Japan","Parallel & Distributed Processing, 2009. IPDPS 2009. IEEE International Symposium on","20090710","2009","","","1","8","Under highly security vulnerable, resource restricted, and dynamically changing mobile ad hoc environments, it is critical to be able to maximize the system lifetime while bounding the communication response time for mission-oriented mobile groups. In this paper, we analyze the tradeoff of security versus performance for distributed intrusion detection protocols employed in mobile group communication systems (GCSs). We investigate a distributed voting-based intrusion detection protocol for GCSs in multi-hop mobile ad hoc networks and examine the effect of intrusion detection on system survivability measured by the mean time to security failure (MTTSF) metric and efficiency measured by the communication cost metric. We identify optimal design settings under which the MTTSF metric can be best traded off for the communication cost metric or vice versa.","1530-2075;15302075","978-1-4244-3751-1;9781424437511","978-1-4244-3750-4;9781424437504","10.1109/IPDPS.2009.5161247","http://ieeexplore.ieee.org/stamp/stamp.jsp?arnumber=5161247","","Communication system security;Costs;Delay;Intrusion detection;Mobile ad hoc networks;Mobile communication;Performance analysis;Protocols;Spread spectrum communication;Time measurement","ad hoc networks;mobile communication;multicast protocols;security of data","distributed intrusion detection protocols;mean time to security failure;mobile group communication systems;multi-hop mobile ad hoc networks","","0","","15","","","23-29 May 2009","","IEEE","IEEE Conference Publications"
"IPTTA: Leveraging Token-based node IP assignment and verification for WSN","S. S. Vinayagam; V. Parthasarathy","Department of CSE, Chettinad College of Engineering and Technology, Karur, Tamilnadu, India","Science Engineering and Management Research (ICSEMR), 2014 International Conference on","20150219","2014","","","1","4","This paper is focusing on detection and prevention Sybil nodes in Wireless Sensor Networks. Sybil is a fake-ID based malicious activity destroying the networks behavior. Here IPTTA - [IP Traceback and Token Assigner] approach is proposed to detect and prevent Sybil attack by assigning and verifying IP address with assigned unique Token for each node in the route. IPTTA verify the node IP, Token with time stamp and fetch the contradictory node as Sybil node. The simulation results show that the IPTTA provides better result than the existing systems and reduces cost and time.","","978-1-4799-7614-0;9781479976140","","10.1109/ICSEMR.2014.7043673","http://ieeexplore.ieee.org/stamp/stamp.jsp?arnumber=7043673","Intrusion Detection System Introduction;Malicious Activity;Wireless Sensor Network (WSN)","Authentication;Energy consumption;IP networks;Throughput;Vehicular ad hoc networks;Wireless sensor networks","IP networks;computer network security;wireless sensor networks","IP address;IP traceback and token assigner;IPTTA;Sybil attack;Sybil nodes;WSN;fake-ID based malicious activity;leveraging token;node IP assignment;time stamp;wireless sensor networks","","0","","11","","","27-29 Nov. 2014","","IEEE","IEEE Conference Publications"
"Effective Virtual Machine Monitor Intrusion Detection Using Feature Selection on Highly Imbalanced Data","M. Alshawabkeh; M. Moffie; F. Azmandian; J. A. Aslam; J. Dy; D. Kaeli","Dept. of Electr. & Comput. Eng., Northeastern Univ., Boston, MA, USA","Machine Learning and Applications (ICMLA), 2010 Ninth International Conference on","20110204","2010","","","823","827","Virtualization is becoming an increasingly popular service hosting platform. Recently, intrusion detection systems (IDSs) which utilize virtualization have been introduced. One particular challenge present in current virtualization-based IDS systems is considered in this paper. IDS systems are commonly faced with high-dimensionality imbalanced data. Improved feature selection methods are needed to achieve more accurate detection when presented with imbalanced data. These methods must select the right set of features which will lead to a lower number of false alarms and higher correct detection rates. In this paper we propose a new Boosting-based feature selection that evaluates the relative importance of individual features using the fractional absolute confidence that Boosting produces. Our approach accounts for the sample distributions by optimizing for the area under the Receive Operating Characteristic (ROC) curve (i.e., Area Under the Curve(AUC)). Empirical results on different commercial virtual appliances and malwares indicate that proper input feature selection is key if we want an effective virtualization-based IDS that is lightweight, efficient and effective.","","978-1-4244-9211-4;9781424492114","","10.1109/ICMLA.2010.127","http://ieeexplore.ieee.org/stamp/stamp.jsp?arnumber=5708950","Virtual machine monitoring;boosting;feature selection;imbalanced data;intrusion detection","Bit error rate;Boosting;Data mining;Feature extraction;Malware;Servers;Virtual machining","feature extraction;security of data;virtual machines","ROC curve;boosting-based feature selection;high-dimensionality imbalanced data;intrusion detection system;receive operating characteristic curve;virtual machine monitoring;virtualization-based IDS system","","4","1","16","","","12-14 Dec. 2010","","IEEE","IEEE Conference Publications"
"Expedite feature extraction for enhanced cloud anomaly detection","B. L. Dalmazo; J. P. Vilela; P. Simoes; M. Curado","CISUC, Department of Informatics Engineering, University of Coimbra, Coimbra, Portugal","NOMS 2016 - 2016 IEEE/IFIP Network Operations and Management Symposium","20160704","2016","","","1215","1220","Cloud computing is the latest trend in business for providing software, platforms and services over the Internet. However, a widespread adoption of this paradigm has been hampered by the lack of security mechanisms. In view of this, the aim of this work is to propose a new approach for detecting anomalies in cloud network traffic. The anomaly detection mechanism works on the basis of a Support Vector Machine (SVM). The key requirement for improving the accuracy of the SVM model, in the context of cloud, is to reduce the total amount of data. In light of this, we put forward the Poisson Moving Average predictor which is the core of the feature extraction approach and is able to handle the vast amount of information generated over time. In addition, two case studies are employed to validate the effectiveness of the mechanism on the basis of real datasets. Compared with other approaches, our solution exhibits the best performance in terms of detection and false alarm rates.","","","","10.1109/NOMS.2016.7502990","http://ieeexplore.ieee.org/stamp/stamp.jsp?arnumber=7502990","Security;anomaly detection;cloud computing;feature extraction;support vector machine","Cloud computing;Computational modeling;Feature extraction;Monitoring;Proposals;Security;Support vector machines","cloud computing;computer network security;feature extraction;moving average processes;stochastic processes;support vector machines;telecommunication traffic","Internet;Poisson moving average predictor;SVM;cloud anomaly detection;cloud computing;cloud network traffic;feature extraction approach;security mechanisms;support vector machine","","","","","","","25-29 April 2016","","IEEE","IEEE Conference Publications"
"Collaboration framework for data compensation in sensor networks","P. F. Tiako; L. Gruenwald","Center for IT Research, Langston University, USA","2008 IEEE International Conference on Electro/Information Technology","20080627","2008","","","504","509","This paper proposes a new approach of modeling the collaboration of sensor system artifacts to address the security and survivability concerns of sensor networks. The model considered is composed of sensors, base and users. Sensors are nodes that acquire and process data. Base is the node that acquires and processes data from sensors and provides an interface to access and monitor the sensor network while users monitor the system. The model proposed is instantiated and validated using association rule mining to compensate missing data in order to provide security and survivability to sensor networks.","2154-0357;21540357","978-1-4244-2029-2;9781424420292","978-1-4244-2030-8;9781424420308","10.1109/EIT.2008.4554355","http://ieeexplore.ieee.org/stamp/stamp.jsp?arnumber=4554355","Collaboration;Data Compensation;Security;Sensor Networks;Survavibility","Association rules;Biosensors;Collaboration;Data security;Intelligent sensors;Intrusion detection;Military computing;Monitoring;Sensor systems;USA Councils","data mining;telecommunication computing;telecommunication network reliability;telecommunication security;wireless sensor networks","association rule mining;collaboration framework;data compensation;sensor networks;survivability concerns","","0","","28","","","18-20 May 2008","","IEEE","IEEE Conference Publications"
"Scalable NIDS via Negative Pattern Matching and Exclusive Pattern Matching","K. Zheng; X. Zhang; Z. Cai; Z. Wang; B. Yang","Res. Lab., IBM China, Beijing, China","INFOCOM, 2010 Proceedings IEEE","20100506","2010","","","1","9","In this paper, we identify the unique challenges in deploying parallelism on TCAM-based pattern matching for Network Intrusion Detection Systems (NIDSes). We resolve two critical issues when designing scalable parallelism specifically for pattern matching modules: 1) how to enable fine-grained parallelism in pursuit of effective load balancing and desirable speedup simultaneously; and 2) how to reconcile the tension between parallel processing speedup and prohibitive TCAM power consumption. To this end, we first propose the novel concept of Negative Pattern Matching to partition flows, by which the number of TCAM lookups can be significantly reduced, and the resulting (fine-grained) flow segments can be inspected in parallel without incurring false negatives. Then we propose the notion of Exclusive Pattern Matching to divide the entire pattern set into multiple subsets which can later be matched against selectively and independently without affecting the correctness. We show that Exclusive Pattern Matching enables the adoption of smaller and faster TCAM blocks and improves both the pattern matching speed and scalability. Finally, our theoretical and experimental results validate that the above two concepts are inherently complementary, enabling our integrated scheme to provide performance gain in any scenario (with either clean or dirty traffic).","0743-166X;0743166X","978-1-4244-5836-3;9781424458363","","10.1109/INFCOM.2010.5462152","http://ieeexplore.ieee.org/stamp/stamp.jsp?arnumber=5462152","","Communications Society;Computer networks;Concurrent computing;Energy consumption;Hardware;Intrusion detection;Parallel processing;Pattern matching;Scalability;USA Councils","content-addressable storage;parallel processing;pattern matching;security of data","NIDS;TCAM lookups;TCAM-based pattern matching;exclusive pattern matching;load balancing;negative pattern matching;network intrusion detection systems;parallel processing speedup;ternary content addressable memories","","1","","12","","","14-19 March 2010","","IEEE","IEEE Conference Publications"
"Deflation DFA: Remembering History is Adequate","Y. Tang; T. Xue; J. Jiang; B. Liu","Dept. of Comput. Sci. & Technol., Tsinghua Univ., Beijing, China","Communications (ICC), 2010 IEEE International Conference on","20100701","2010","","","1","5","There is an increasing demand for network devices to perform deep packet inspection (DPI) to enhance network security. In DPI the packet payload is compared against a set of predefined patterns which can be specified using regular expressions (regexes). It is well-known that mapping regexes to deterministic finite automata (DFA) will suffer from the state explosion problem. Through observation, we attribute DFA explosion to the necessity of remembering matching history. In this paper, we investigate how to record the matching history efficiently and propose an extended DFA approach for regex matching called fcq-FA, which can make a memory size reduction of about 1000 times with a fully automated approach. In fcq-FA, we use pipeline queues and counters to help recording the matching history. Hence, state explosion caused by Kleene closure and repetitions can be definitely avoided. Further, it achieves a fully automated signature compilation with polynomial running time and space.","1550-3607;15503607","978-1-4244-6402-9;9781424464029","","10.1109/ICC.2010.5501976","http://ieeexplore.ieee.org/stamp/stamp.jsp?arnumber=5501976","","Automata;Communications Society;Counting circuits;Doped fiber amplifiers;Explosions;History;Inspection;Intrusion detection;Paper technology;Polynomials","","","","1","2","14","","","23-27 May 2010","","IEEE","IEEE Conference Publications"
"Survey on malware evasion techniques: State of the art and challenges","J. A. P. Marpaung; M. Sain; Hoon-Jae Lee","Department of Ubiquitous IT, Graduate School of General, Dongseo University, San 69-1, Jurye 2-dong, Sasang-gu, Busan 617-716, Korea","Advanced Communication Technology (ICACT), 2012 14th International Conference on","20120403","2012","","","744","749","Nowadays targeted malware attacks against organizations are increasingly becoming more sophisticated, damaging, and difficult to detect. Current intrusion detection technologies are incapable of addressing many of the newer malware evasion techniques such as return-oriented programming and remote library injection. This paper presents a survey on the various techniques employed in malware to evade detection by security systems such as intrusion detection and anti-virus software. The evasion techniques we cover include obfuscation, fragmentation and session splicing, application specific violations, protocol violations, inserting traffic at IDS, denial of service, and code reuse attacks. We also discuss mitigations such as sandboxing, session reassembly, data execution prevention, address space layout randomization, control flow integrity, and Windows 8 ROP mitigation. We also compare evasion techniques with an analysis on the sophistication of the attack, challenges or difficulty to detect, and degree of impact.","1738-9445;17389445","978-1-4673-0150-3;9781467301503","","","http://ieeexplore.ieee.org/stamp/stamp.jsp?arnumber=6174775","data execution prevention;evasion techniques;intrusion detection systems;operating systems security;return oriented programming","Intrusion detection;Malware;Payloads;Programming;Protocols;Splicing","invasive software;organisational aspects","IDS traffic insertion;Windows 8 ROP mitigation;address space layout randomization;antivirus software;application specific violations;code reuse attacks;control flow integrity;data execution prevention;denial of service;fragmentation;intrusion detection technologies;malware attacks;malware evasion techniques;obfuscation;organizations;protocol violations;remote library injection;return-oriented programming;sandboxing;security systems;session reassembly;session splicing","","4","","23","","","19-22 Feb. 2012","","IEEE","IEEE Conference Publications"
"Design and implementation of artificial immune system for detecting flooding attacks","N. B. I. Al-Dabagh; I. A. Ali","Department of Computer Science College of CS and Mathematics, University of Mosul, Mosul, Iraq","High Performance Computing and Simulation (HPCS), 2011 International Conference on","20110825","2011","","","381","390","The network based denial of service attacks (DoS) are still the big challenge to the researchers in the field of network security. This paper handles the popular DoS attack called TCP-SYN flood attack, and presents the design and implementation of an Artificial Immune system for Syn flood Detection, abbreviated by AISD, based on the Dendritic Cell Algorithm (DCA). The AISD system is able to detect the generated SYN flood attack and response to its generator in a real-time. Performance and accuracy of the system have been evaluated through five experiments. Results of the experiments showed the precision of intrusion detection process to the ratio of 100%, with a notable response speed, and this is shows the benefit and suitability of using artificial immune systems to the network security problems.","","978-1-61284-380-3;9781612843803","","10.1109/HPCSim.2011.5999850","http://ieeexplore.ieee.org/stamp/stamp.jsp?arnumber=5999850","artificial immune system;biocomputing;dendritic cell algorithm;fault tolerance;network security;syn flooding attack","Computer crime;Context;Floods;Immune system;Protocols;Servers;Signal processing algorithms","artificial immune systems;computer network security","AISD system;DoS attack;Syn flood attack detection;TCP-SYN flood attack;artificial immune system;dendritic cell algorithm;flooding attack detection;intrusion detection;network based denial of service attack;network security","","3","","21","","","4-8 July 2011","","IEEE","IEEE Conference Publications"
"SpyMon: Hidden network monitoring for security in wireless sensor Networks","Lei Yu; Jianzhong Li","Dept. of Computer Science and Technology, Harbin Institute of Technology, Heilongjiang, China","2008 5th IEEE International Conference on Mobile Ad Hoc and Sensor Systems","20081028","2008","","","328","333","Network monitoring is a basic component for intrusion detection and also an energy-expensive task. However in the existing works the contradiction between energy efficiency and security of network monitoring isnpsilat well handled. In this paper, we propose SpyMon, a network monitoring mechanism for the sensor network. To achieve energy-efficiency and reliability, a subset of sensor nodes are randomly selected as monitors in the network and each sensor node is monitored by at least k nodes. For the resistance against the attacks, the monitors are protected from identity exposure to prevent them becoming the explicit targets of adversaries. A collective monitoring triggering scheme is also proposed to further improve the capability and reliability of monitoring. Our analysis shows that SpyMon is resilient against node compromise while attaining energy efficiency.","2155-6806;21556806","978-1-4244-2574-7;9781424425747","978-1-4244-2575-4;9781424425754","10.1109/MAHSS.2008.4660030","http://ieeexplore.ieee.org/stamp/stamp.jsp?arnumber=4660030","","Computer science;Computer security;Computerized monitoring;Condition monitoring;Energy efficiency;Intrusion detection;Mechanical sensors;Performance analysis;Protection;Wireless sensor networks","telecommunication network reliability;telecommunication security;wireless sensor networks","collective monitoring triggering scheme;hidden network monitoring;intrusion detection;network reliability;wireless sensor network security","","0","","12","","","Sept. 29 2008-Oct. 2 2008","","IEEE","IEEE Conference Publications"
"Authentication of Smartphone Users Using Behavioral Biometrics","A. Alzubaidi; J. Kalita","Abdulaziz Alzubaidi is with the Department of Computer Science, University of Colorado at Colorado Springs, Colorado Springs, CO, USA.","IEEE Communications Surveys & Tutorials","","2016","PP","99","1","1","Smartphones and tablets have become ubiquitous in our daily lives. Smartphones, in particular, have become more than personal assistants. These devices have provided new avenues for consumers to play, work and socialize whenever and wherever they want. Smartphones are small in size; so they are easy to handle and to stow and carry in users pockets or purses. However, mobile devices are also susceptible to various problems. One of the greatest concerns is the possibility of breach in security and privacy if the device is seized by an outside party. It is possible that threats can come from friends as well as strangers. Due to the size of smart devices, they can be easily lost and may expose details of users private lives. In addition, this might enable pervasive observation or imitation of ones movements and activities, such as sending messages to contacts, accessing private communication, shopping with a credit card, and relaying information about where one has been. This paper highlights the potential risks that occur when smartphones are stolen or seized, discusses the concept of continuous authentication, and analyzes current approaches and mechanisms of behavioral biometrics with respect to methodology, associated datasets and evaluation approaches.","1553-877X;1553877X","","","10.1109/COMST.2016.2537748","http://ieeexplore.ieee.org/stamp/stamp.jsp?arnumber=7423666","Authentication;Smartphone;User Behavior","Authentication;Biomedical monitoring;Biometrics (access control);Mobile handsets;Privacy;Tutorials","","","","","","","","2016-03-02","","","IEEE","IEEE Early Access Articles"
"A Survey on Biologically Inspired Algorithms for Computer Networking","C. Zheng; D. C. Sicker","Department of Computer Science, University of Colorado at Boulder, Boulder, CO 80309, USA","IEEE Communications Surveys & Tutorials","20130731","2013","15","3","1160","1191","Biologically Inspired Algorithms (BIAs), processes that mimic how organisms solve problems, offer a number of attributes well suited to addressing challenges presented by future computer networking scenarios. Such future networks will require more scalable, adaptive and robust designs to address the dynamic changes and potential failures caused by high heterogeneity and large scale networks. A variety of biological algorithms demonstrate characteristics desirable to network design, and significant effort has been placed on analyzing and developing the corresponding BIAs and applying them to computer networking applications. This paper provides a comprehensive survey of BIAs for the computer networking field, in which different BIAs are organized and explored based on their: (1) biological source; (2) mathematical model; (3) major application; (4) advantages to corresponding ""classic"" approach; (5) limitations and border conditions; and (6) potential directions for future applications. The paper also compares performance amongst each type of BIA, and compares BIAs that are inspired by different biological sources but are applicable to similar networking applications. The paper concludes by offering a framework for understanding the application of BIAs to problems in the computer networking space.","1553-877X;1553877X","","","10.1109/SURV.2013.010413.00175","http://ieeexplore.ieee.org/stamp/stamp.jsp?arnumber=6422291","artificial immune systems;biological symbiosis;biologically inspired algorithms;cellular signaling networks;chemotaxis and morphogenesis;computer networking;corpse clustering and brood sorting;division of labor;foraging;homeostasis;information epidemics;pattern formation;predator-prey relationship;pulse-coupled oscillator;self-organization","Algorithm design and analysis;Biological system modeling;Computer security;Routing","bio-inspired materials;computer networks","biologically inspired algorithms;computer networking;dynamic changes;large scale networks","","2","","186","","2013-01-28","Third Quarter 2013","","IEEE","IEEE Journals & Magazines"
"A mechanism for discovery and prevention of coopeartive black hole attack in mobile ad hoc network using AODV protocol","H. P. Singh; R. Singh","CSE, Department TIT (Excellence), Bhopal, India","Electronics and Communication Systems (ICECS), 2014 International Conference on","20140908","2014","","","1","8","In present mobile ad hoc network is an innovative and incredibly popular technology but influenced by foremost security issue because of its dynamic nature or decentralized network The black hole is one of the attack from several attack in the MANETs which advertise itself having the shortest or freshest route to transmit the packet to the destination and replies the route request incorrectly to drop all the packets. In this paper, broadcast synchronization (BS) and relative distance (RD) method of clock synchronization is used to prevent the black hole nodes and the analysis of the following parameter used in this proposed method such as throughput, end to end delay, and packet delivery ratio is done in NS 2.34 network simulator.","","978-1-4799-2321-2;9781479923212","","10.1109/ECS.2014.6892653","http://ieeexplore.ieee.org/stamp/stamp.jsp?arnumber=6892653","Black hole nodes;Broadcast Synchronization;MANETs;Network Simulator;Relative Distance","Ad hoc networks;Electronic mail;Member and Geographic Activities Board committees;Mobile computing;Routing protocols;Security","cooperative communication;mobile ad hoc networks;protocols;synchronisation;telecommunication security","AODV protocol;MANET;broadcast synchronization;clock synchronization;cooperative black hole attack;end to end delay;mobile ad hoc network;packet delivery ratio;relative distance method;security issue","","0","","15","","","13-14 Feb. 2014","","IEEE","IEEE Conference Publications"
"VAOFS: A Verifiable Append-Only File System for Regulatory Compliance","D. Xiao; W. Yao; C. Wu; C. Wang; Y. Yang","Nat. Eng. Lab. for Disaster Backup & Recovery, Beijing Univ. of Posts & Telecommun., Beijing, China","2009 Eighth International Conference on Grid and Cooperative Computing","20091006","2009","","","325","330","Append-only file systems, with which data can only be updated in an append-only manner, are of great importance to the regulatory compliance requirements for storing immutable data. However, existing approaches fail to provide the verifiability of the append-only property of the file system in the presence of an inside attacker who can manipulate on-disk data directly, and thus are unsuitable for use in regulatory compliance. This paper presents the design and implementation of VAOFS, a Verifiable Append-Only File System for regulatory compliance. Verifiability is provided by a tamper resistant hardware device cooperating with an instrumented file system. Non-appending operations can be detected in an audit process. A time-based secure deletion method is also proposed to handle file deletion in VAOFS. Experiments with a prototype VAOFS called ext3ao built with ext3 show that the overhead of ext3ao is 53.0% compared with ext3; the audit process is efficient.","2160-4908;21604908","978-0-7695-3766-5;9780769537665","","10.1109/GCC.2009.52","http://ieeexplore.ieee.org/stamp/stamp.jsp?arnumber=5279563","append-only file system;regulatory compliance;secure deletion","Data engineering;Data security;File systems;Grid computing;Hardware;Image storage;Instruments;Postal services;Prototypes;Telecommunication computing","file organisation;security of data;write-once storage","audit process;ext3ao;file deletion;immutable data;inside attacker;instrumented file system;nonappending operations;on-disk data;prototype VAOFS;regulatory compliance requirements;tamper resistant hardware device;time-based secure deletion method;verifiable append-only file system;write-once-read-many devices","","0","1","22","","","27-29 Aug. 2009","","IEEE","IEEE Conference Publications"
"Vehicular Networking: A Survey and Tutorial on Requirements, Architectures, Challenges, Standards and Solutions","G. Karagiannis; O. Altintas; E. Ekici; G. Heijenk; B. Jarupan; K. Lin; T. Weil","University of Twente, Enschede, the Netherlands","IEEE Communications Surveys & Tutorials","20111103","2011","13","4","584","616","Vehicular networking has significant potential to enable diverse applications associated with traffic safety, traffic efficiency and infotainment. In this survey and tutorial paper we introduce the basic characteristics of vehicular networks, provide an overview of applications and associated requirements, along with challenges and their proposed solutions. In addition, we provide an overview of the current and past major ITS programs and projects in the USA, Japan and Europe. Moreover, vehicular networking architectures and protocol suites employed in such programs and projects in USA, Japan and Europe are discussed.","1553-877X;1553877X","","","10.1109/SURV.2011.061411.00019","http://ieeexplore.ieee.org/stamp/stamp.jsp?arnumber=5948952","ARIB;ASV;COMeSafety;CVIS;IEEE 1609;IEEE 802.11p;ISO CALM;ITS-Safety 2010;IntelliDrive(sm);SAE;SAFESPOT;SEVECOM;SMARTWAY;V2I;V2V;VII;VSC;Vehicular networking;WAVE;eSafety","Driver circuits;Intelligent vehicle systems;Road safety;Standardization;System performance","computer networks;mobile radio;radio networks;road safety;road traffic;telecommunication standards","ITS programs;infotainment;traffic efficiency;traffic safety;vehicular networking","","196","2","194","","2011-07-11","Fourth Quarter 2011","","IEEE","IEEE Journals & Magazines"
"An efficient network intrusion detection method based on information theory and genetic algorithm","T. Xia; G. Qu; S. Hariri; M. Yousif","Internet Technol. Lab., Arizona Univ., Tucson, AZ, USA","PCCC 2005. 24th IEEE International Performance, Computing, and Communications Conference, 2005.","20050705","2005","","","11","17","The Internet has been growing at an amazing rate and concurrent with the growth, the vulnerability of the Internet is also increasing. Though the Internet has been designed to withstand various forms of failure, the intrusion tools and attacks are becoming increasingly sophisticated, exposing the Internet to new threats. To make networked systems reliable and robust it becomes highly essential to develop on-line monitoring, analysis and quantification of the behavior of networks under a wide range of attacks and to recover from these attacks. In this paper, we present a hybrid method based on information theory and genetic algorithm to detect network attacks. Our approach uses information theory to filter the traffic data and thus reduce the complexity. We use a linear structure rule to classify the network behaviors into normal and abnormal behaviors. We apply our approach to the kdd99 benchmark dataset and obtain high detection rate of 99.25% as well as low false alarm rate of 1.66%.","1097-2641;10972641","0-7803-8991-3;0780389913","","10.1109/PCCC.2005.1460505","http://ieeexplore.ieee.org/stamp/stamp.jsp?arnumber=1460505","","Condition monitoring;Filtering theory;Genetic algorithms;Genetic communication;Information filtering;Information filters;Information theory;Internet;Intrusion detection;Robustness","Internet;authorisation;benchmark testing;computer network reliability;filtering theory;genetic algorithms;telecommunication security;telecommunication traffic","Internet;filtering;genetic algorithm;information theory;intrusion detection method;kdd99 benchmark dataset;network attack detection;on-line monitoring;system reliability;traffic data;vulnerability","","5","","19","","","7-9 April 2005","","IEEE","IEEE Conference Publications"
"Prevention of malware propagation in AMI","Y. Park; D. M. Nicol; H. Zhu; C. W. Lee","Inf. Trust Inst., Univ. of Illinois at Urbana-Champaign, Urbana, IL, USA","Smart Grid Communications (SmartGridComm), 2013 IEEE International Conference on","20131219","2013","","","474","479","Malware can disrupt the operation of services in advanced metering infrastructure (AMI), which is at risk due to connectivity with the global Internet. In motion, malware may hide within the data payloads of legitimate AMI control traffic, implying the need for deep packet inspection. Some of the inspections one may make look for consistency with respect to data available only at the application layer, requiring one to position the analysis high in the protocol stack. Towards this end we propose a policy engine that examines both ingress and egress traffic to the AMI application layer. Policy engine rules may refer to the structure and behavior of the AMI protocol, and may also perform multi-stage analysis of data payloads looking for evidence that executable code is carried, rather than data. Our experimental results demonstrate that the policy engine is able to accurately distinguish between legitimate traffic and malware bearing traffic.","","","","10.1109/SmartGridComm.2013.6688003","http://ieeexplore.ieee.org/stamp/stamp.jsp?arnumber=6688003","","Encryption;Engines;Entropy;Malware;Payloads;Protocols","metering;power meters;power system security;protocols","AMI application layer;AMI control traffic;AMI protocol;advanced metering infrastructure;data payloads;deep packet inspection;malware propagation;multistage analysis;policy engine","","2","","25","","","21-24 Oct. 2013","","IEEE","IEEE Conference Publications"
"Parallel Text Matching Using GPGPU","R. Takahashi; U. Inoue","Grad. Sch. of Eng., Tokyo Denki Univ., Tokyo, Japan","Software Engineering, Artificial Intelligence, Networking and Parallel & Distributed Computing (SNPD), 2012 13th ACIS International Conference on","20120913","2012","","","242","246","This paper studies implementation methods of parallel text matching using General Purpose computing on Graphics Processing Unit (GPGPU). It is necessary to accelerate text matching in applications of real-time processing, such as anomaly-detection and decision-making. GPGPU is a technology that can be used to accelerate a variety of applications with highly parallel processing elements in GPUs. Recently, the Parallel-Failure-less Aho-Corasick (PFAC) algorithm has been developed, and an open-source PFAC library is currently available. However, there are several different implementation methods in the host-side, and choosing a good combination of these methods is important to improve the performance. We implemented a prototype system, and evaluated the performance and power consumption varying the implementation methods and input data. The evaluation results show that the performance of the system using GPGPU is better than a system using 4-core CPU with smaller power consumption.","","978-1-4673-2120-4;9781467321204","","10.1109/SNPD.2012.28","http://ieeexplore.ieee.org/stamp/stamp.jsp?arnumber=6299287","GPGPU;parallel processing;text matching","Arrays;Graphics processing unit;Instruction sets;Libraries;Power demand;Prototypes;Throughput","decision making;general purpose computers;graphics processing units;multiprocessing systems;parallel processing;pattern matching;public domain software;security of data;software libraries;text analysis","4-core CPU;GPGPU;PFAC algorithm;anomaly-detection;decision-making;general purpose computing on graphics processing unit;open-source PFAC library;parallel processing element;parallel text matching;parallel-failure-less Aho-Corasick algorithm;power consumption;real-time processing","","0","","10","","","8-10 Aug. 2012","","IEEE","IEEE Conference Publications"
"Analysing Impact of Scalability and Heterogeneity on the Performance of Federated Cloud Security","S. Naqvi; A. Michot; M. Van de Borne","Centre d'Excellence en Technol. de l'Inf. et de la Commun. (CETIC), Charleroi, Belgium","2012 IEEE 11th International Conference on Trust, Security and Privacy in Computing and Communications","20120906","2012","","","1137","1142","Nowadays, the notion of virtualization infrastructures is making significant headway in the computing landscape. The business-push to these infrastructures stemming from the Cloud computing paradigm resulted in a more sophisticated concept of rent-a-technology that enabled a series of new-networked business models. This emerging digital globalization has not only raised the legal stakes and ownership concerns; but also highlight the need of providing effective security solutions. These security solutions should be able to scale the application requirements without undue performance and quality overheads to ensure security and privacy of data in the federated Cloud deployments. This paper presents a formal way of testing the impact of scalability and heterogeneity on the federated Cloud security services. The work presented in this paper aims to develop a mean of quantifying the impact on security functions under various operating conditions and parameters of federated Cloud deployments. The results of this work will help businesses to identify the best security architecture that will fit their Cloud architectures and performance requirements.","2324-898X;2324898X","978-1-4673-2172-3;9781467321723","","10.1109/TrustCom.2012.85","http://ieeexplore.ieee.org/stamp/stamp.jsp?arnumber=6296104","Cloud computing;performance parameters;security architecture","Cloud computing;Europe;Monitoring;Scalability;Security;Servers;Testing","cloud computing;data privacy;globalisation;service-oriented architecture;virtualisation","cloud architectures;cloud computing;data privacy;digital globalization;federated cloud deployment parameters;federated cloud service security performance;heterogeneity impact analysis;legal stakes;networked business models;operating conditions;ownership concerns;performance overheads;quality overheads;rent-a-technology concept;scalability impact analysis;security architecture;virtualization infrastructures","","0","","30","","","25-27 June 2012","","IEEE","IEEE Conference Publications"
"Computer network intrusion detection software development","S. J. Hashim; K. Jumari; M. Ismail","Univ. Kebangsaan Malaysia, Malaysia","TENCON 2000. Proceedings","20020806","2000","3","","117","123 vol.3","The recent proliferation of computer network usage for business and communication has witnessed an alarming rate of intrusion. The phenomenon is a grave concern in the academic environment since universities seldom have tight security measures, and the high bandwidth available makes them interesting targets as attack relay hosts. At Universiti Kebangsaan Malaysia, the software development process has adopted open-source approaches, where a simple open-source implementation of network intrusion detection has been improved to tailor it to the needs of the campus. The working prototype has been tested on a real-life implementation in the university environment for detecting, logging and alerting about computer network intrusions","","0-7803-6355-8;0780363558","","10.1109/TENCON.2000.892235","http://ieeexplore.ieee.org/stamp/stamp.jsp?arnumber=892235","","Bandwidth;Business communication;Computer networks;Educational institutions;Intrusion detection;Open source software;Programming;Prototypes;Relays;Software prototyping","computer network management;educational computing;software engineering;system monitoring;telecommunication computing;telecommunication security","Universiti Kebangsaan Malaysia;academic environment;attack relay hosts;bandwidth;campus needs;computer network intrusion detection software development;intrusion alerting;intrusion logging;network monitoring;open-source implementation;security measures","","2","2","7","","","2000","24 Sep 2000-27 Sep 2000","IEEE","IEEE Conference Publications"
"Reducing false positives through fuzzy alert correlation in collaborative intelligent intrusion detection systems  A review","H. T. Elshoush; I. M. Osman","Department of Computer Science, Faculty of Mathematical Sciences, University of Khartoum, Sudan","Fuzzy Systems (FUZZ), 2010 IEEE International Conference on","20100923","2010","","","1","8","As complete prevention of computer attacks is not possible, intrusion detection systems (IDS) play a very important role in minimizing the damage caused by different computer attacks. There are two intrusion detection methods: namely misuse- and anomaly-based. A collaborative intelligent intrusion detection system (CIIDS) is proposed to include both methods, since it is concluded from recent research that the performance of an individual detection engine is rarely satisfactory. In particular, two main challenges in current collaborative intrusion detection systems (CIDSs) research are highlighted and reviewed: CIDS architectures and alert correlation algorithms. The focus will be on correlation of CIIDS alerts. At the end of the review, the paper suggests fuzzy logic and other AI techniques to be exploited to reduce the rate of false alarms while keeping the detection rate high. In conclusion, the paper highlights opportunities for an integrated solution to large-scale CIIDS.","1098-7584;10987584","978-1-4244-6919-2;9781424469192","","10.1109/FUZZY.2010.5584418","http://ieeexplore.ieee.org/stamp/stamp.jsp?arnumber=5584418","","Artificial intelligence;Collaboration;Correlation;Detectors;Intrusion detection;Protocols","security of data","collaborative intelligent intrusion detection system;computer attacks;false positives;fuzzy alert correlation;fuzzy logic","","2","","25","","","18-23 July 2010","","IEEE","IEEE Conference Publications"
"SICE 2003 Annual Conference","","","SICE 2003 Annual Conference","20040824","2003","3","","i","lxix","<div style=""font-variant: small-caps; font-size: .9em;"">First Page of the Article</div><img class=""img-abs-container"" style=""width: 95%; border: 1px solid #808080;"" src=""/xploreAssets/images/absImages/01323596.png"" border=""0"">","","0-7803-8352-4;0780383524","","","http://ieeexplore.ieee.org/stamp/stamp.jsp?arnumber=1323596","","","","","","0","","","","","4-6 Aug. 2003","","IEEE","IEEE Conference Publications"
"A cross-site patch management model and architecture design for large scale heterogeneous environment","Chuan-Wen Chang; Dwen-Ren Tsai; Jui-Mi Tsai","Dept. of Inf. Manage., Chinese Culture Univ., Taipei, Taiwan","Proceedings 39th Annual 2005 International Carnahan Conference on Security Technology","20060221","2005","","","41","46","Many reports indicated that most damages caused by computer viruses and hackers' attacks are due to management problems. Computing environments implementing well managed patch management processes with quick response mechanisms survive from most of serious attacks, such as My Doom and Sasser Warm attacks in 2004. Medium or large enterprises usually have heterogeneous computing environments. For example, a company may use an Apache server in a Linux-base PC as its Internet Web server, use an IBM AIX running IBM DB2 database system as a database server, and equip all employees with Windows-based PCs running Microsoft Office for their daily work. Also, employees might work at many different locations. In the enterprise patch management (PM) market today, there are very few complete off-the-shelf solutions. A systematic efficient PM process model with complete patch management activity process cycle and patching strategies was proposed. We also propose an automatic five-layer PM system application architecture supporting heterogeneous environment. The model, hopefully, makes enterprise patch process more efficient, and reduces the risks suffer from patch management challenges.","1071-6572;10716572","0-7803-9245-0;0780392450","","10.1109/CCST.2005.1594837","http://ieeexplore.ieee.org/stamp/stamp.jsp?arnumber=1594837","Information Security;Network Management;Patch Management","Companies;Computer architecture;Computer hacking;Computer viruses;Database systems;Environmental management;Internet;Large-scale systems;Personal communication networks;Web server","risk management;security of data","architecture design;cross-site patch management model;enterprise patch management market;information security;large scale heterogeneous environment;network management;patch management activity process cycle;patching strategy","","2","","17","","","11-14 Oct. 2005","","IEEE","IEEE Conference Publications"
"Aspects of network security for VoIP solutions using IMS core network and Wi-Fi access","R. S. Gayde; S. S. Mathai; K. Wang","Alcatel-Lucent in the Convergence Network Solutions and Architecture Competence Center in Naperville, Illinois","Bell Labs Technical Journal","20140429","2007","12","3","167","185","A network providing Voice over Internet Protocol (VoIP) service requires many network elements. Each network element may have its own set of security capabilities, but not all security capabilities on all network elements are necessary at the same time for a given network configuration. An end-to-end network view is necessary to choose appropriate security capabilities while minimizing network overhead. For VoIP, using an IP Multimedia Subsystem (IMS) core network and wireless fidelity (Wi-Fi<sup></sup>) access, the service provider can offer the feature functionality of the core network to both enterprise and residential customers simultaneously. However, both market segments provide their own set of unique security challenges, and what is appropriate for one market segment is not necessarily appropriate for the other. This paper explores various security implications for both of these market segments and proposes options for securing each network configuration. Security aspects of the control plane, bearer plane, and management plane are considered.  2007 Alcatel-Lucent.","1089-7089;10897089","","","10.1002/bltj.20258","http://ieeexplore.ieee.org/stamp/stamp.jsp?arnumber=6769684","","","","","","0","","","","","Fall 2007","","Alcatel-Lucent","Alcatel-Lucent Journal"
"Compressed and distributed host identity protocol for end-to-end security in the IoT","S. Sahraoui; A. Bilami","LaSTIC laboratory, Computer Science Department, University of Batna, Batna, Algeria","2014 International Conference on Next Generation Networks and Services (NGNS)","20141218","2014","","","295","301","Wireless Sensor Networks (WSNs), as a key part of the Internet of Things (IoT), allow the representation of the dynamic characteristics of the physical world in the Internet's virtual world. Thus, sensor nodes are henceforth considered as Internet hosts and may act freely as web clients or servers. Undoubtedly, security and end-users privacy issues rise and become more severe in the IoT, due to the asymmetric nature of the communications between sensor nodes and the ordinary Internet hosts. Many solutions propose to use the classical IP-based security protocols for IoT, after adapting them to WSN's constraints by either messages compression or computational-load distribution techniques. In this paper we propose a 6LoWPAN (IPv6 over Low power Wireless Personal Area Networks) compression model for HIP (Host Identity Protocol) header, as well as, an adapted distribution scheme of the computational load in HIP's key agreement process. For an extreme lightweight end-to-end security, we propose to combine both compression and distribution models for HIP in WSNs side, in the IoT. The partial evaluation results show that the proposed protocol, named compressed and distributed HIP (CD-HIP), is more adapted than the standard HIP, while introducing minor header communication overhead.","2327-6525;23276525","978-1-4799-6608-0;9781479966080","","10.1109/NGNS.2014.6990267","http://ieeexplore.ieee.org/stamp/stamp.jsp?arnumber=6990267","6LoWPAN compression;Host Identity Protocol;Internet of Tinhgs;IoT;Wireless Sensor Networks;distributed HIP Base Exchange;end-to-end security","Hip;IP networks;Internet;Peer-to-peer computing;Protocols;Security;Wireless sensor networks","IP networks;Internet;Internet of Things;file servers;personal area networks;protocols;telecommunication security;wireless sensor networks","6LoWPAN;CD-HIP;IP-based security protocols;IPv6 over low power wireless personal area networks;Internet of Things;IoT;WSN;Web clients;Web servers;communication overhead;compressed and distributed HIP;computational-load distribution techniques;distribution scheme;end-to-end security;host identity protocol;messages compression;wireless sensor networks","","0","","18","","","28-30 May 2014","","IEEE","IEEE Conference Publications"
"High-Speed Security Analytics Powered by In-Memory Machine Learning Engine","A. Sapegin; M. Gawron; D. Jaeger; F. Cheng; C. Meinel","Hasso Plattner Inst. (HPI), Univ. of Potsdam, Potsdam, Germany","2015 14th International Symposium on Parallel and Distributed Computing","20150723","2015","","","74","81","Modern Security Information and Event Management systems should be capable to store and process high amount of events or log messages in different formats and from different sources. This requirement often prevents such systems from usage of computational-heavy algorithms for security analysis. To deal with this issue, we built our system based on an in-memory data base with an integrated machine learning library, namely SAP HANA. Three approaches, i.e. (1) deep normalisation of log messages (2) storing data in the main memory and (3) running data analysis directly in the database, allow us to increase processing speed in such a way, that machine learning analysis of security events becomes possible nearly in real-time. To prove our concepts, we measured the processing speed for the developed system on the data generated using Active Directory tested and showed the efficiency of our approach for high-speed analysis of security events.","2379-5352;23795352","978-1-4673-7147-6;9781467371476","","10.1109/ISPDC.2015.16","http://ieeexplore.ieee.org/stamp/stamp.jsp?arnumber=7165133","SAP HANA;in-memory;intrusion detection;machine learning;security","Algorithm design and analysis;Computers;Databases;Libraries;Machine learning algorithms;Prediction algorithms;Security","data analysis;learning (artificial intelligence);security of data","SAP HANA;active directory;computational-heavy algorithms;data analysis;deep log message normalisation;high-speed security analytics;high-speed security event analysis;in-memory database;in-memory machine learning engine;integrated machine learning library;machine learning analysis;security information and event management systems","","1","","27","","","June 29 2015-July 2 2015","","IEEE","IEEE Conference Publications"
"A lightweight and scalable key management scheme for heterogeneous sensor networks","Y. Liu; Y. Yan","School of Communication and Information Engineering, Chongqing University of Posts an Telecommunications, Chongqing, China","Biomedical Engineering and Informatics (BMEI), 2012 5th International Conference on","20130504","2012","","","1393","1397","In the Internet of Things (IoT), sensor technology is considered as an important part and is highly regarded. However, sensor nodes are inherently limited by insufficient resources such as energy, storage and communication. Therefore, designing an effective key management mechanism in WSNs has become an important issue. In this paper, a lightweight and scalable key management scheme for heterogeneous sensor networks is proposed. The scheme is based on Exclusion Basis System (EBS) for scalability and simple symmetric cryptographic primitives with low computational requirements. It provides periodic or on demand key refreshment and node authentication to improve the security of the network. In addition, it is highly efficient in terms of key refreshment and node revocation. The performance analysis demonstrates that the proposed scheme has less energy consumption in key refreshment phase and has stronger network resilience against node capture than several existing schemes.","","978-1-4673-1183-0;9781467311830","","10.1109/BMEI.2012.6513216","http://ieeexplore.ieee.org/stamp/stamp.jsp?arnumber=6513216","exclusion basis system;internet of things;key management;security;wireless sensor networks","","authorisation;cryptography;wireless sensor networks","EBS;Internet of Things;IoT;WSN;exclusion basis system;heterogeneous sensor networks;key management scheme;low computational requirements;network resilience;node authentication;node revocation;on demand key refreshment;periodic key refreshment;sensor nodes;sensor technology;symmetric cryptographic primitives","","0","","16","","","16-18 Oct. 2012","","IEEE","IEEE Conference Publications"
"Enhancing Security of Embedded Linux on a Multi-core Processor","N. Li; Y. Kinebuchi; T. Nakajima","Dept. of Comput. Sci. &amp; Eng., Waseda Univ., Tokyo, Japan","2011 IEEE 17th International Conference on Embedded and Real-Time Computing Systems and Applications","20110929","2011","2","","117","121","While recent embedded systems start to own more and more functionalities, security requirements become more and more important. In this paper we propose an approach to enhance the security of embedded systems. In this approach SPUMONE, a thin virtualization layer, is selected to build a multi-OS environment for its low overhead. Xv6 runs as trusted OS for executing the monitoring service that detects the violation of the integrity of the Linux kernel while Linux as a general purpose OS. The monitoring service checks whether Linux is compromised or not. A secure pager that offers the spatial isolation based on the core-local memory is proposed to protect the integrity of the xv6 kernel located in the main memory, which can make Linux and xv6 run in high security level.","2325-1271;23251271","978-1-4577-1118-3;9781457711183","","10.1109/RTCSA.2011.36","http://ieeexplore.ieee.org/stamp/stamp.jsp?arnumber=6029887","embedded system;security;virtualization","Embedded systems;Kernel;Linux;Monitoring;Random access memory;Security;Virtual machine monitors","Linux;multiprocessing systems;security of data","SPUMONE;core-local memory;embedded Linux;embedded systems;multicore processor;security requirements;virtualization layer","","2","","10","","","28-31 Aug. 2011","","IEEE","IEEE Conference Publications"
"On the capability of an SOM based intrusion detection system","H. G. Kayacik; A. N. Zincir-Heywood; M. I. Heywood","Fac. of Comput. Sci., Dalhousie Univ., Halifax, NS, Canada","Neural Networks, 2003. Proceedings of the International Joint Conference on","20030826","2003","3","","1808","1813 vol.3","An approach to network intrusion detection is investigated, based purely on a hierarchy of Self-Organizing Feature Maps. Our principle interest is to establish just how far such an approach can be taken in practice. To do so, the KDD benchmark dataset from the International Knowledge Discovery and Data Mining Tools Competition is employed. This supplies a connection-based description of a factitious computer network in which each connection is described in terms of 41 features. Unlike previous approaches, only 6 of the most basic features are employed. The resulting system is capable of detection (false positive) rates of 89% (4.6%), where this is at least as good as the alternative data-mining approaches that require all 41 features.","1098-7576;10987576","0-7803-7898-9;0780378989","","10.1109/IJCNN.2003.1223682","http://ieeexplore.ieee.org/stamp/stamp.jsp?arnumber=1223682","","Computer networks;Computer science;Computer vision;Data mining;Internet;Intrusion detection;Knowledge based systems;Monitoring;Neurons;Testing","data mining;learning (artificial intelligence);security of data;self-organising feature maps;unsupervised learning","KDD benchmark dataset;SOM;computer network;data mining tools competition;international knowledge discovery;intrusion detection system;self-organizing feature maps;unsupervised learning","","22","","12","","","20-24 July 2003","","IEEE","IEEE Conference Publications"
"A Botnet Detection System Based on Neural Networks","A. Nogueira; P. Salvador; F. Blessa","Inst. de Telecomun., Univ. of Aveiro, Aveiro, Portugal","Digital Telecommunications (ICDT), 2010 Fifth International Conference on","20100729","2010","","","57","62","A concerted fight against botnets is needed in order to avoid them from becoming a serious threat to global security in the forthcoming years. Zombie detection is currently performed at the host and/or network levels, but these options have important drawbacks: antivirus, firewalls and anti-spyware are not effective against this threat because they are not able to detect hosts that are compromised via new or target specific malicious software and were not designed to protect the network from external attacks or vulnerabilities that are already present inside the local area network. To overcome these limitations, we propose a new botnet detection approach based on the identification of traffic patterns: since each network application, whether it is licit or illicit, has a characteristic traffic pattern that can uniquely identify it, the detection framework will rely on an Artificial Neural Network to identify the licit and illicit patterns. After the identification phase, the system will generate alarms to the system administrator, that can trigger the most appropriate security actions, like blocking the corresponding IP addresses, putting them under a deeper surveillance or acting over some suspicious network segment. A general detection framework was developed in order to incorporate the detection methodology itself, as well as the data collection and storage modules and all the necessary management functions. Some performance tests were already carried out on the proposed system and the results obtained show that the system is stable and fast and the detection approach is efficient, since it provides high detection rates with low computational overhead.","","978-1-4244-7271-0;9781424472710","","10.1109/ICDT.2010.19","http://ieeexplore.ieee.org/stamp/stamp.jsp?arnumber=5532380","Botnet;intrusion detection;neural network;traffic profile","Application software;Artificial neural networks;Data security;Local area networks;Neural networks;Protection;Software performance;Surveillance;System testing;Telecommunication traffic","","","","3","","20","","","13-19 June 2010","","IEEE","IEEE Conference Publications"
