(14, 'A wireless perimeter protection and intrusion detection system', '2010', '10.1109/CCST.2010.5678669')
(28, 'New development in portable sensor allows low-cost components to be left behind (disposable)', '2003', '10.1109/CCST.2003.1297539')
(35, '33rd annual Carnahan conference on security technology', '2000', '10.1109/MAES.2000.831189')
(40, 'News From International Carnahan Conference On Security Technology', '1998', '10.1109/MAES.1998.683728')
(136, 'An agent-based Bayesian forecasting model for enhanced network security', '2001', '10.1109/ECBS.2001.922429')
(147, 'Packet analysis using packet filtering and traffic monitoring techniques', '2010', '10.1109/ICCAIE.2010.5735088')
(149, 'Combined performance and risk analysis for border management applications', '2010', '10.1109/DSN.2010.5544292')
(154, 'Security log time synchronization for high-availability systems', '2003', '10.1109/INDIN.2003.1300270')
(169, 'A survey of security issues in mobile ad hoc and sensor networks', '2005', '10.1109/COMST.2005.1593277')
(176, 'Attacking DDoS at the source', '2002', '10.1109/ICNP.2002.1181418')
(190, 'USim: a user behavior simulation framework for training and testing IDSes in GUI based systems', '2006', '10.1109/ANSS.2006.45')
(204, 'Heterogeneous Fusion of IDS Alerts for Detecting DOS Attacks', '2015', '10.1109/ICCUBEA.2015.35')
(226, 'An investigation of a compromised host on a honeynet being used to increase the security of a large enterprise network', '2004', '10.1109/IAW.2004.1437791')
(245, 'Alert Correlation Model Design Based on Self-regulate', '2010', '10.1109/MMIT.2010.60')
(272, 'A selection criteria for intrusion detection systems', '1998', '10.1109/CSAC.1998.738648')
(323, 'Detecting SYN flooding attacks', '2002', '10.1109/INFCOM.2002.1019404')
(357, 'Packet sampling for worm and botnet detection in TCP connections', '2010', '10.1109/NOMS.2010.5488473')
(386, "TPaR: Place and Route Tools for the Dynamic Reconfiguration of the FPGA's Interconnect Network", '2014', '10.1109/TCAD.2013.2291659')
(447, 'An Efficient Method for Identifying IDS Agent Nodes by Discovering Compromised Nodes in MANET', '2009', '10.1109/ICCEE.2009.74')
(452, 'Slow port scanning detection', '2011', '10.1109/ISIAS.2011.6122824')
(460, 'Device-transparent network-layer handoff for micro-mobility', '2009', '10.1109/MASCOT.2009.5366648')
(461, 'FireCol: A Collaborative Protection Network for the Detection of Flooding DDoS Attacks', '2012', '10.1109/TNET.2012.2194508')
(463, 'Multi-level alert clustering for intrusion detection sensor data', '2005', '10.1109/NAFIPS.2005.1548632')
(474, 'Taxonomy of statistical based anomaly detection techniques for intrusion detection', '2005', '10.1109/ICET.2005.1558893')
(481, '2012 International Conference on Devices, Circuits and Systems (ICDCS)', '2012', '10.1109/ICDCSyst.2012.6188784')
(485, 'Architectures for intrusion tolerant database systems', '2003', '10.1109/FITS.2003.1264924')
(533, 'Detecting protected layer-3 rogue APs', '2007', '10.1109/BROADNETS.2007.4550468')
(537, 'Matching TCP packets and its application to the detection of long connection chains on the Internet', '2005', '10.1109/AINA.2005.240')
(541, 'Mining information assurance data with a hybrid intelligence/multi-agent system', '2015', '10.1109/ICIS.2015.7166564')
(578, 'Applying multivariate data analysis to identify key parameters of bi-directional attack flows', '2015', '10.1109/ACDT.2015.7111611')
(589, 'A Mechanism for Detecting and Responding to Misbehaving Nodes in Wireless Networks', '2007', '10.1109/SAHCN.2007.4292881')
(593, 'Clustering of Snort alerts to identify patterns and reduce analyst workload', '2012', '10.1109/MILCOM.2012.6415777')
(607, 'Security as a Service Model for Cloud Environment', '2014', '10.1109/TNSM.2014.041614.120394')
(641, 'Filtering Spam Email Based on Retry Patterns', '2007', '10.1109/ICC.2007.254')
(670, 'NetFlow based intrusion detection system', '2004', '10.1109/ICNSC.2004.1297037')
(682, 'Influence of Software-Based NIDS on FEC-Protected Uncompressed Video Transmissions', '2010', '10.1109/INTERNET.2010.27')
(700, 'Sessions', '2012', '')
(737, 'Application of Artificial Neural Networks Techniques to Computer Worm Detection', '2006', '10.1109/IJCNN.2006.247059')
(800, 'A dynamic honeypot design for intrusion detection', '2004', '10.1109/PERSER.2004.1356776')
(819, 'Resilient self-organizing overlay networks for security update delivery', '2004', '10.1109/JSAC.2003.818808')
(827, 'Backtracking Algorithmic Complexity Attacks against a NIDS', '2006', '10.1109/ACSAC.2006.17')
(847, 'Using Search Methods for Selecting and Combining Software Sensors to Improve Fault Detection in Autonomic Systems', '2010', '10.1109/SSBSE.2010.23')
(851, 'Cossack: coordinated suppression of simultaneous attacks', '2003', '10.1109/DISCEX.2003.1194868')
(859, 'Data-centric anomalies in sensor network deployments: analysis and detection', '2012', '10.1109/MASS.2012.6708514')
(874, 'Attack-Tolerant Time-Synchronization in Wireless Sensor Networks', '2008', '10.1109/INFOCOM.2008.17')
(903, 'Anomaly detection through packet header data', '2009', '10.1109/ICICS.2009.5397552')
(914, 'A Novel Approach to Accentuating Anomalous Events in Complex Network Systems', '2005', '10.1109/HICSS.2005.35')
(916, 'MAPMon: A Host-Based Malware Detection Tool', '2007', '10.1109/PRDC.2007.23')
(919, 'Intrusion detection and honeypots in nested virtualization environments', '2013', '10.1109/DSN.2013.6575329')
(951, 'Research on the key technology of reconstructing attack scenario based on state machine', '2010', '10.1109/ICCSIT.2010.5563843')
(981, 'IEEE 802.11 anomaly-based behavior analysis', '2013', '10.1109/ICCNC.2013.6504111')
(1045, 'A neural network based distributed intrusion detection system on cloud platform', '2012', '10.1109/CCIS.2012.6664371')
(1059, 'Biometric Authentication for Intrusion Detection Systems', '2010', '10.1109/ICIIC.2010.15')
(1086, 'The LoSS Technique for Detecting New Denial of Service Attacks', '2004', '10.1109/SECON.2004.1287935')
(1088, 'Confidentiality of event data in policy-based monitoring', '2012', '10.1109/DSN.2012.6263954')
(1092, 'How to hook worms [computer network security]', '2005', '10.1109/MSPEC.2005.1426967')
(1113, 'Flow Inspection Router Assignment (FIRA) in Access/Aggregation Network Clouds', '2012', '10.1109/ICDCSW.2012.86')
(1127, 'The art of war driving and security threats - a Malaysian case study', '2005', '10.1109/ICON.2005.1635452')
(1142, 'Goliath: A Configurable Approach for Network Testing', '2007', '10.1109/TRIDENTCOM.2007.4444667')
(1157, 'Associative learning based intrusion detection using sensor prioritization and fusion', '2011', '10.1109/ICNSURV.2011.5935373')
(1161, 'Modeling Modern Network Attacks and Countermeasures Using Attack Graphs', '2009', '10.1109/ACSAC.2009.21')
(1177, 'Data driven approach for Fault Detection and Identification using Competitive Learning techniques', '2007', '')
(1210, 'SCRIPT: A framework for Scalable Real-time IP Flow Record Analysis', '2010', '10.1109/NOMS.2010.5488476')
(1250, 'Hierarchical visualization of network intrusion detection data', '2006', '10.1109/MCG.2006.34')
(1259, 'Spector: Automatically Analyzing Shell Code', '2007', '10.1109/ACSAC.2007.11')
(1271, 'A system to inset a pop up in TV screen for home security', '2010', '10.1109/INTERACT.2010.5706152')
(1273, 'An Efficient Network Log Anomaly Detection System Using Random Projection Dimensionality Reduction', '2014', '10.1109/NTMS.2014.6814006')
(1292, 'Preventing wireless network configuration errors in patient monitoring using device fingerprints', '2013', '10.1109/WoWMoM.2013.6583471')
(1319, 'Helping TicketMaster: Changing the Economics of Ticket Robots with Geographic Proof-of-Work', '2010', '10.1109/INFCOMW.2010.5466663')
(1334, 'An attempt at defining cyberdefense situation awareness in the context of command & control', '2015', '10.1109/ICMCIS.2015.7158674')
(1336, 'A data mining framework for building intrusion detection models', '1999', '10.1109/SECPRI.1999.766909')
(1338, 'Cyber Security and Operational Reliability', '2015', '10.1109/HICSS.2015.320')
(1377, 'The Insecurity of Wireless Networks', '2012', '10.1109/MSP.2012.60')
(1383, 'Netflow based P2P detection in UDP traffic', '2014', '10.1109/ICICIP.2014.7010349')
(1393, 'Design of Intelligent Checkers to Enhance the Security and Safety of Cyber Physical Systems', '2014', '10.1109/COMPSACW.2014.128')
(1418, 'A Multi-Sensor Energy Theft Detection Framework for Advanced Metering Infrastructures', '2013', '10.1109/JSAC.2013.130714')
(1445, 'Network Connectivity Graph for Malicious Traffic Dissection', '2015', '10.1109/ICCCN.2015.7288435')
(1472, 'From the Mediterranean Games Split 1979 to the Beijing 2008 Olympic Games', '2008', '10.1109/ITI.2008.4588390')
(1487, 'Scalable and Performance-Efficient Client Honeypot on High Interaction System', '2012', '10.1109/SAINT.2012.15')
(1494, 'Towards a Framework to Detect Multi-stage Advanced Persistent Threats Attacks', '2014', '10.1109/SOSE.2014.53')
(1503, 'A Dynamic Honeypot Design for Intrusion Detection', '2004', '10.1109/PERSER.2004.3')
(1571, 'Guaranteed Quality of Service in Cloud Ready Application', '2013', '10.1109/ISCBI.2013.13')
(1572, 'The detection of DDOS flooding attack using hybrid analysis in IPv6 networks', '2015', '10.1109/ICoICT.2015.7231429')
(1573, 'Taichi: An Open Intrusion Automatic Response System Based on Plugin', '2006', '10.1109/ICMLC.2006.258818')
(1580, 'Detection of Bot Infected PCs Using Destination-Based IP and Domain Whitelists During a Non-Operating Term', '2008', '10.1109/GLOCOM.2008.ECP.399')
(1586, 'Managing the risks of Smarter Planet solutions', '2010', '10.1147/JRD.2010.2050540')
(1587, 'Metro railway security algorithms with real world experience adapted to the RATP dataset', '2005', '10.1109/AVSS.2005.1577263')
(1610, 'File Type Identification of Data Fragments by Their Binary Structure', '2006', '10.1109/IAW.2006.1652088')
(1706, 'Detecting authentication misuse attacks against SIP entities', '2013', '10.1109/ISCISC.2013.6767324')
(1758, 'Network traffic behavior analysis by decomposition into control and data planes', '2008', '10.1109/IPDPS.2008.4536559')
(1778, 'LD<sup>2</sup>: A system for lightweight detection of denial-of-service attacks', '2008', '10.1109/MILCOM.2008.4753369')
(1816, 'SecureDirect: proactive security through content based traffic control', '2003', '10.1109/AINA.2003.1192971')
(1825, 'Fast Activity Detection: Indexing for Temporal Stochastic Automaton-Based Activity Models', '2013', '10.1109/TKDE.2011.246')
(1892, 'Two-tier data-driven intrusion detection for automatic generation control in smart grid', '2014', '10.1109/CNS.2014.6997497')
(1902, 'An Autonomic Framework for Integrating Security and Quality of Service Support in Databases', '2012', '10.1109/SERE.2012.15')
(1911, 'Real-time visualization of network attacks on high-speed links', '2004', '10.1109/MNET.2004.1337733')
(1963, 'Comparison of Network Intrusion Detection Systems in cloud computing environment', '2012', '10.1109/ICCCI.2012.6158820')
(2022, 'Trade-offs in protecting storage: a meta-data comparison of cryptographic, backup/versioning, immutable/tamper-proof, and redundant storage solutions', '2005', '10.1109/MSST.2005.39')
(2045, 'A Combined Fusion and Data Mining Framework for the Detection of Botnets', '2009', '10.1109/CATCH.2009.9')
(2070, 'Real-time network anomaly detection system using machine learning', '2015', '10.1109/DRCN.2015.7149025')
(2108, 'Key-Recovery Attacks on KIDS, a Keyed Anomaly Detection System', '2015', '10.1109/TDSC.2013.39')
(2120, 'Improving the detection of on-line vertical port scan in IP traffic', '2012', '10.1109/CRISIS.2012.6378945')
(2180, 'A method to construct network traffic models for process control systems', '2012', '10.1109/ETFA.2012.6489550')
(2205, 'Fast and Effective Worm Fingerprinting via Machine Learning', '2006', '10.1109/ICAC.2006.1662421')
(2218, 'Integrated security analysis framework for an enterprise network - a formal approach', '2010', '10.1049/iet-ifs.2009.0174')
(2239, 'Architecture of the reconnaissance intrusion detection system (RIDS)', '2004', '10.1109/IAW.2004.1437816')
(2296, 'Research on DDoS Filtering Algorithm Based on Bloom Filter WhiteList', '2008', '10.1109/MMIT.2008.105')
(2300, 'Fuzzy inference system based on entropy of traffic for bot detection on an endpoint host', '2014', '10.1109/ICDSE.2014.6974621')
(2338, 'Watchdog: Reduce time delay for spreading selfish information in manet', '2013', '10.1109/ICICES.2013.6508398')
(2370, 'A comprehensive design for decision engine in network intrusion detection and prevention system', '2012', '10.1109/ISTEL.2012.6483125')
(2410, 'Defending against DoS attacks on 3G cellular networks via randomization method', '2010', '10.1109/ICEIT.2010.5607650')
(2508, 'Attack Prediction Models for Cloud Intrusion Detection Systems', '2014', '10.1109/AIMS.2014.64')
(2521, 'On Sliding Window Based Change Point Detection for Hybrid SIP DoS Attack', '2010', '10.1109/APSCC.2010.84')
(2529, 'Fast and Memory-Efficient Traffic Classification with Deep Packet Inspection in CMP Architecture', '2010', '10.1109/NAS.2010.43')
(2541, 'Worm epidemics in high-speed networks', '2004', '10.1109/MC.2004.36')
(2578, 'Passive network measurements troubleshooting and testing', '2011', '10.1109/ICCRD.2011.5764116')
(2594, 'A Game-Based Intrusion Tolerant Mechanism for Grid Service', '2006', '10.1109/GCC.2006.4')
(2604, 'Quantifying Information Leaks in Outbound Web Traffic', '2009', '10.1109/SP.2009.9')
(2611, 'Supporting interoperability to heterogeneous IDS in secure networking framework', '2003', '10.1109/APCC.2003.1274479')
(2657, 'Network-based mimicry anomaly detection using divergence measures', '2015', '10.1109/ISNCC.2015.7238570')
(2669, 'An Anomaly Intrusion Detection System Employing Associative String Processor', '2010', '10.1109/ICN.2010.42')
(2679, 'Stateful Detection in High Throughput Distributed Systems', '2007', '10.1109/SRDS.2007.15')
(2695, 'Combining Passive Autoconfiguration and Anomaly-Based Intrusion Detection in Ad Hoc Networks', '2008', '10.1109/ASWN.2008.14')
(2702, 'Use of honeynets in computer security education', '2005', '10.1109/ICIS.2005.122')
(2716, 'Minimal dataset for Network Intrusion Detection Systems via dimensionality reduction', '2011', '10.1109/ICDIM.2011.6093368')
(2743, 'Analysis of log files as a security aid', '2011', '')
(2748, 'Real-Time Representation of Network Traffic Behavior for Enhanced Security', '2005', '10.1109/ICITA.2005.230')
(2749, 'Detecting critical nodes for MANET intrusion detection systems', '2006', '10.1109/SECPERU.2006.8')
(2752, 'Covert channel communication through physical interdependencies in cyber-physical infrastructures', '2014', '10.1109/SmartGridComm.2014.7007771')
(2790, 'Hardware support for a hash-based IP traceback', '2001', '10.1109/DISCEX.2001.932167')
(2804, 'High precision time synchronization scheme for Distributed Intrusion Detection System', '2010', '10.1109/ICCASM.2010.5619315')
(2808, 'Model-based fault Diagnosis for IEEE 802.11 wireless LANs', '2009', '10.4108/ICST.MOBIQUITOUS2009.6833')
(2818, 'Hybrid security architecture for data center networks', '2012', '10.1109/ICC.2012.6364521')
(2845, 'RACOON: rapidly generating user command data for anomaly detection from customizable template', '2004', '10.1109/CSAC.2004.28')
(2877, 'Scalable, high-throughput and modular hardware-based string matching algorithm', '2014', '10.1109/ISCISC.2014.6994046')
(2914, 'Worm Infection Locality Supports for Efficient Traceback Forensics', '2009', '10.1109/CSA.2009.5404209')
(2918, 'Science DMZ: Support for e-Science in Brazil', '2014', '10.1109/eScience.2014.53')
(2948, 'Cyber-Physical System Security With Deceptive Virtual Hosts for Industrial Control Networks', '2014', '10.1109/TII.2014.2304633')
(2964, 'A Finite Context Intrusion Prediction Model for Cloud Systems with a Probabilistic Suffix Tree', '2014', '10.1109/EMS.2014.90')
(2986, 'Hypervisor-based cloud intrusion detection system', '2014', '10.1109/ICCNC.2014.6785472')
(2991, 'Dynamic approaches to thwart adversary intelligence gathering', '2001', '10.1109/DISCEX.2001.932214')
(3002, 'Detection of Unknown Computer Worms Activity Based on Computer Behavior using Data Mining', '2007', '10.1109/CIDM.2007.368873')
(3020, 'Implementation of Load Balancing Method for Cloud Service with Open Flow', '2014', '10.1109/CloudCom.2014.167')
(3026, 'Fuzzy frequent episodes for real-time intrusion detection', '2001', '10.1109/FUZZ.2001.1007325')
(3040, 'P<inline-formula> <img src=/images/tex/732.gif alt=^{2}> <alternatives> <inline-graphic xlink:type=simple xlink:href=holm-ieq1-2382574.gif/></alternatives></inline-formula>CySeMoL: Predictive, Probabilistic Cyber Security Modeling Language', '2015', '10.1109/TDSC.2014.2382574')
(3045, 'RAPiD: An indirect rogue access points detection system', '2010', '10.1109/PCCC.2010.5682342')
(3082, 'Online Adaptive Anomaly Detection for Augmented Network Flows', '2014', '10.1109/MASCOTS.2014.60')
(3094, 'Architectures for intrusion tolerant database systems', '2002', '10.1109/CSAC.2002.1176303')
(3096, 'A real-time surveillance system of electric multiple units(EMUs) in Taipei MRT', '2010', '10.1109/ICNC.2010.5583503')
(3189, 'Petrifying Worm Cultures: Scalable Detection and Immunization in Untrusted Environments', '2007', '10.1109/ICC.2007.239')
(3230, 'How dynamic is the ISPs address space? Towards internet-wide DHCP churn estimation', '2015', '10.1109/IFIPNetworking.2015.7145335')
(3270, 'Nebula - generating syntactical network intrusion signatures', '2009', '10.1109/MALWARE.2009.5403022')
(3278, 'Amber: A zero-interaction honeypot and network enforcer with modular intelligence', '2013', '10.1109/ISSA.2013.6641053')
(3284, 'PAIDS: A Proximity-Assisted Intrusion Detection System for Unidentified Worms', '2009', '10.1109/COMPSAC.2009.59')
(3299, 'A Firewall for Routers: Protecting against Routing Misbehavior', '2007', '10.1109/DSN.2007.7')
(3302, 'A survey of security issues in wireless sensor networks', '2006', '10.1109/COMST.2006.315852')
(3306, 'Design and implementation of an extrusion-based break-in detector for personal computers', '2005', '10.1109/CSAC.2005.19')
(3323, 'Port-based traffic verification as a paradigm for anomaly detection', '2012', '10.1109/NCC.2012.6176909')
(3346, 'Generating representative traffic for intrusion detection system benchmarking', '2005', '10.1109/CNSR.2005.35')
(3351, 'A cyber-physical power system test bed for intrusion detection systems', '2014', '10.1109/PESGM.2014.6939262')
(3368, 'A Mechanism for Detecting and Responding to Misbehaving Nodes in Wireless Networks', '2007', '10.1109/SDRN.2007.4348973')
(3382, 'On the practicality of detecting anomalies with encrypted traffic in AMI', '2014', '10.1109/SmartGridComm.2014.7007761')
(3384, 'Parallel Passive Testing of System Protocols - Towards a Real-time Exhaustive Approach', '2006', '10.1109/ICNICONSMCL.2006.167')
(3427, 'Replay of malicious traffic in network testbeds', '2013', '10.1109/THS.2013.6699022')
(3474, 'A Framework for Hybrid Fuzzy Logic Intrusion Detection Systems', '2005', '10.1109/FUZZY.2005.1452414')
(3475, 'Intelligent Distribution of Intrusion Prevention Services on Programmable Routers', '2006', '10.1109/INFOCOM.2006.202')
(3482, 'Decoupling non-stationary and stationary components in long range network time series in the context of anomaly detection', '2012', '10.1109/LCN.2012.6423689')
(3501, 'Active learning to improve the detection of unknown computer worms activity', '2008', '')
(3545, 'Applying Computational Grids for Enhancing Intrusion Detection Systems', '2008', '10.1109/CSEW.2008.70')
(3598, 'TorWard: Discovery of malicious traffic over Tor', '2014', '10.1109/INFOCOM.2014.6848074')
(3607, 'Machine learning based internet traffic recognition with statistical approach', '2013', '10.1109/INDCON.2013.6726074')
(3609, 'An automatic portscan detection system with adaptive threshold setting', '2010', '10.1109/JCN.2010.6388436')
(3613, 'B-APT: Bayesian Anti-Phishing Toolbar', '2008', '10.1109/ICC.2008.335')
(3615, 'A Coordinated Detection and Response Scheme for Distributed Denial-of-Service Attacks', '2006', '10.1109/ICC.2006.255091')
(3668, 'Developing a Distributed Agent-based Computer Network Security Infrastructure', '2005', '10.1109/TENCON.2005.301001')
(3670, 'Security issues for Internet appliances', '2002', '10.1109/SAINTW.2002.994548')
(3672, 'Design and Implementation of WLAN-Based Automatic Vehicle Identification', '2009', '10.1109/CSE.2009.371')
(3677, 'Counterplanning deceptions to foil cyber-attack plans', '2003', '10.1109/SMCSIA.2003.1232425')
(3678, 'A Framework for Monitoring SIP Enterprise Networks', '2010', '10.1109/NSS.2010.79')
(3703, 'DDoS-Shield: DDoS-Resilient Scheduling to Counter Application Layer Attacks', '2009', '10.1109/TNET.2008.926503')
(3704, 'Mobile Device Profiling and Intrusion Detection Using Smart Batteries', '2008', '10.1109/HICSS.2008.319')
(3712, 'Routing anomaly detection in mobile ad hoc networks', '2003', '10.1109/ICCCN.2003.1284145')
(3780, 'Real-time business intelligence system architecture with stream mining', '2010', '10.1109/ICDIM.2010.5664637')
(3793, 'An intrusion detection system for wireless process control systems', '2008', '10.1109/MAHSS.2008.4660125')
(3799, 'Identification of malicious transactions in database systems', '2003', '10.1109/IDEAS.2003.1214946')
(3807, 'Multi-agent cooperative intrusion response in mobile adhoc networks', '2007', '10.1016/S1004-4132(08)60021-3')
(3809, 'Design and implementation of open framework for Policy-Based Network Access Control', '2009', '10.1109/CCST.2009.5335564')
(3867, 'Finite State Machine Parsing for Internet Protocols: Faster Than You Think', '2014', '10.1109/SPW.2014.34')
(3922, 'Next Generation Data Center design under Smart Grid', '2012', '10.1109/ICUFN.2012.6261673')
(3929, 'A retrofit network transaction data logger and intrusion detection system for transmission and distribution substations', '2010', '10.1109/PECON.2010.5697717')
(3931, 'Privacy/Analysis Tradeoffs in Sharing Anonymized Packet Traces: Single-Field Case', '2008', '10.1109/ARES.2008.189')
(3947, 'An Initial Exploration on Intelligent Contents to Social Network Research Via Fuzzy Based Data Mining', '2012', '10.1109/WCSE.2012.36')
(3950, 'Measurement Data Reduction through Variation Rate Metering', '2010', '10.1109/INFCOM.2010.5462043')
(3962, 'Fast payload-based flow estimation for traffic monitoring and network security', '2005', '')
(3965, 'Stealthy Attacks in Wireless Ad Hoc Networks: Detection and Countermeasure', '2011', '10.1109/TMC.2010.249')
(3995, 'A Real-Time Worm Outbreak Detection System Using Shared Counters', '2007', '10.1109/HOTI.2007.2')
(4025, 'Mitigating Packet Dropping Problem in Mobile Ad Hoc Networks: Proposals and Challenges', '2011', '10.1109/SURV.2011.072210.00026')
(4029, 'PTBBWD: A Fast Process Traffic Behavior Based Worm Detection Algorithm', '2008', '10.1109/FITME.2008.150')
(4034, 'A correlative context-based framework for network intrusion detection system', '2005', '10.1109/ISCC.2005.6')
(4046, 'Plenary session list and abstracts of all full papers', '2005', '10.1109/TENCON.2005.301288')
(4092, 'Summarization - compressing data into an informative representation', '2005', '10.1109/ICDM.2005.137')
(4093, 'Detection of Distributed Attacks in Hybrid & Public Cloud Networks', '2012', '10.1109/SKG.2012.28')
(4094, 'Time Based Intrusion Detection on Fast Attack for Network Intrusion Detection System', '2010', '10.1109/NETAPPS.2010.33')
(4095, 'Improving user comfort in haptic virtual environments through gravity compensation', '2005', '10.1109/WHC.2005.78')
(4104, 'Research of Real-Time anomaly detection based on network traffic sampling measurement', '2011', '10.1109/ICCSNT.2011.6182462')
(4128, 'A method to attain PIP in the TV screen for automated wireless home security', '2010', '10.1109/ICCCCT.2010.5670738')
(4170, 'AMIDS: A multi-sensor energy theft detection framework for advanced metering infrastructures', '2012', '10.1109/SmartGridComm.2012.6486009')
(4184, 'Assessment of Vulnerability of Content Adaptation Mechanisms to RoQ Attacks', '2009', '10.1109/ICN.2009.40')
(4249, 'Threat assessment and response for physical security of power substations', '2014', '10.1109/ISGTEurope.2014.7028837')
(4288, 'Secured architecture for remote virtual desktops', '2007', '10.1109/CTS.2007.4621741')
(4294, 'Network-based and Attack-resilient Length Signature Generation for Zero-day Polymorphic Worms', '2007', '10.1109/ICNP.2007.4375847')
(4299, 'The malware author testing challenge', '2014', '10.1109/WATeR.2014.7015755')
(4346, 'Design and implementation of network puzzles', '2005', '10.1109/INFCOM.2005.1498523')
(4352, 'Detecting TCP SYN Flood Attack Based on Anomaly Detection', '2010', '10.1109/NETAPPS.2010.50')
(4355, 'Evaluating intrusion detection systems: the 1998 DARPA off-line intrusion detection evaluation', '2000', '10.1109/DISCEX.2000.821506')
(4368, 'Hardware-Accelerated Regular Expression Matching with Overlap Handling on IBM PowerEN Processor', '2013', '10.1109/IPDPS.2013.54')
(4378, 'Exploiting independent state for network intrusion detection', '2005', '10.1109/CSAC.2005.24')
(4421, 'A n-dimensional convex hull approach for fault detection and mitigation for high degree of freedom robots humanoid robots', '2012', '')
(4425, 'Intrusion analysis with deep packet inspection: Increasing efficiency of packet based investigations', '2011', '10.1109/CSC.2011.6138545')
(4439, 'Network-Based Dictionary Attack Detection', '2009', '10.1109/ICFN.2009.36')
(4455, 'Framework for Zombie Detection Using Neural Networks', '2009', '10.1109/ICIMP.2009.10')
(4482, 'Design and implementation of artificial immune system for detecting flooding attacks', '2011', '10.1109/HPCSim.2011.5999850')
(4493, 'Faster Web through Client-Assisted CDN Server Selection', '2015', '10.1109/ICCCN.2015.7288411')
(4528, 'IBAN: intrusion blocker based on active networks', '2002', '10.1109/DANCE.2002.1003492')
(4556, 'A software implementation of a genetic algorithm based approach to network intrusion detection', '2005', '10.1109/SNPD-SAWN.2005.9')
(4580, 'Detecting blackhole attacks in Disruption-Tolerant Networks through packet exchange recording', '2010', '10.1109/WOWMOM.2010.5534944')
(4585, 'Multifocus image fusion based on nonsubsampled contourlet transform', '2012', '10.1109/IFOST.2012.6357605')
(4592, 'Needles in Haystacks: Practical Intrusion Detection from Theoretical Results', '2006', '10.1109/LCN.2006.322016')
(4616, 'An Intrusion Tolerance Approach to Enhance Single Sign on Server Protection', '2010', '10.1109/DEPEND.2010.23')
(4617, 'Power Consumption Profiling Using Energy Time-Frequency Distributions in Smart Grids', '2015', '10.1109/LCOMM.2014.2371035')
(4631, 'Adaptive neuro-fuzzy intrusion detection systems', '2004', '10.1109/ITCC.2004.1286428')
(4652, 'Intrusion detection techniques for virtual domains', '2012', '10.1109/HiPC.2012.6507491')
(4659, 'An Internet traffic analysis method with MapReduce', '2010', '10.1109/NOMSW.2010.5486551')
(4663, 'IDS Alert Correlation in the Wild With EDGe', '2014', '10.1109/JSAC.2014.2358834')
(4678, 'A real time flight deck safety monitoring system based on support vector machine', '2011', '10.1109/ICRMS.2011.5979348')
(4685, 'ZigBee(2.4G) wireless sensor network application on indoor intrusion detection', '2015', '10.1109/ICCE-TW.2015.7216984')
(4702, 'A cross-layer based intrusion detection approach for wireless ad hoc networks', '2005', '10.1109/MAHSS.2005.1542882')
(4708, 'SEC - a lightweight event correlation tool', '2002', '10.1109/IPOM.2002.1045765')
(4750, 'Distributed PCA-based anomaly detection in wireless sensor networks', '2010', '')
(4754, 'A distributed infrastructure to analyse SIP attacks in the Internet', '2014', '10.1109/IFIPNetworking.2014.6857088')
(4805, 'Mining for insider threats in business transactions and processes', '2009', '10.1109/CIDM.2009.4938645')
(4837, 'Efficient Computer Network Anomaly Detection by Changepoint Detection Methods', '2013', '10.1109/JSTSP.2012.2233713')
(4844, 'NIS08-1: A Multi-level Security Based Autonomic Parameter Selection Approach for an Effective and Early Detection of Internet Worms', '2006', '10.1109/GLOCOM.2006.302')
(4874, 'Stellar: a fusion system for scenario construction and security risk assessment', '2005', '10.1109/IWIA.2005.16')
(4909, 'Signature Tree Generation for Polymorphic Worms', '2011', '10.1109/TC.2010.130')
(4927, 'An energy-efficient anomaly detection approach for wireless sensor networks', '2010', '10.1109/ISTEL.2010.5734031')
(4978, 'Harnessing the Power of P2P Systems for Fast Attack Signature Validation', '2009', '10.1109/NSS.2009.64')
(4983, 'The design and evaluation of a defense system for Internet worms', '2004', '10.1109/RELDIS.2004.1353017')
(5006, 'Tracking application network performance in home gateways', '2013', '10.1109/IWCMC.2013.6583719')
(5020, 'A Streaming Intrusion Detection System for Grid Computing Environments', '2009', '10.1109/HPCC.2009.99')
(5031, 'A theoretical exploration of the impact of packet loss on network intrusion detection', '2014', '10.1109/SNPD.2014.6888699')
(5033, 'The design of VisFlowConnect-IP: a link analysis system for IP security situational awareness', '2005', '10.1109/IWIA.2005.17')
(5047, 'Integrated Security Incident Management -- Concepts and Real-World Experiences', '2011', '10.1109/IMF.2011.15')
(5112, 'Wavelet-based Real Time Detection of Network Traffic Anomalies', '2006', '10.1109/SECCOMW.2006.359584')
(5116, 'Delving into Internet DDoS Attacks by Botnets: Characterization and Analysis', '2015', '10.1109/DSN.2015.47')
(5128, 'A Fine-Grained Damage Management Scheme in a Self-Healing PostgreSQL System', '2008', '10.1109/HASE.2008.33')
(5135, 'A simple statistical analysis approach for Intrusion Detection System', '2013', '10.1109/SPC.2013.6735130')
(5136, 'Effective and robust detection of jamming attacks', '2010', '')
(5162, 'Intrusion Tolerant Approach for Denial of Service Attacks to Web Services', '2011', '10.1109/CCP.2011.44')
(5181, 'Lightweight Detection of DoS Attacks', '2007', '10.1109/ICON.2007.4444065')
(5182, 'DANAK: Finding the odd!', '2011', '10.1109/ICNSS.2011.6059996')
(5188, "Intrusion Detection Engine Based on Dempster-Shafer's Theory of Evidence", '2006', '10.1109/ICCCAS.2006.284985')
(5211, 'Packet Faking Attack: A Novel Attack and Detection Mechanism in OppNets', '2014', '10.1109/CIS.2014.15')
(5273, 'A Collaborative Network Security Platform in P2P Networks', '2009', '10.1109/NISS.2009.222')
(5326, 'Nobot: Embedded malware detection for endpoint devices', '2011', '10.1002/bltj.20492')
(5350, 'Remote Control of Smart Meters: Friend or Foe?', '2011', '10.1109/EC2ND.2011.14')
(5370, 'Fates: A Granular Approach to Real-Time Anomaly Detection', '2007', '10.1109/ICCCN.2007.4317884')
(5385, 'A Big Data Architecture for Large Scale Security Monitoring', '2014', '10.1109/BigData.Congress.2014.18')
(5399, 'A lightweight countermeasure to cope with flooding attacks against session initiation protocol', '2013', '10.1109/WMNC.2013.6549057')
(5426, 'LLSIM: network simulation for correlation and response testing', '2003', '10.1109/SMCSIA.2003.1232429')
(5441, 'Reconfigurable Architecture for Network Flow Analysis', '2008', '10.1109/TVLSI.2007.912115')
(5450, 'The Evidence Collection of DoS Attack in WLAN by Using WLAN Forensic Profiling System', '2008', '10.1109/ICISS.2008.8')
(5451, 'A Finite State Hidden Markov Model for Predicting Multistage Attacks in Cloud Systems', '2014', '10.1109/DASC.2014.12')
(5485, 'RMR: Reliability Map Routing for Tactical Mobile Ad Hoc Networks', '2011', '10.1109/JSAC.2011.111204')
(5488, 'Physically locating wireless intruders', '2004', '10.1109/ITCC.2004.1286503')
(5497, 'Online and scalable data validation in advanced metering infrastructures', '2014', '10.1109/ISGTEurope.2014.7028740')
(5555, 'String Searching Engine for Virus Scanning', '2011', '10.1109/TC.2010.250')
(5583, 'Darknet-Based Inference of Internet Worm Temporal Characteristics', '2011', '10.1109/TIFS.2011.2161288')
(5588, 'Anomaly Detection in SMTP Traffic', '2006', '10.1109/ITNG.2006.34')
(5594, 'Autonomic Intelligent Cyber-Sensor to Support Industrial Control Network Awareness', '2014', '10.1109/TII.2013.2270373')
(5600, 'Performance Optimization in Cloud Computing Environment', '2012', '10.1109/CCEM.2012.6354621')
(5609, 'Baseline Profile Stability for Network Anomaly Detection', '2006', '10.1109/ITNG.2006.38')
(5619, 'Detecting Spam Zombies by Monitoring Outgoing Messages', '2009', '10.1109/INFCOM.2009.5062096')
(5647, 'Situation management in crisis scenarios based on self-organizing neural mapping technology', '2005', '10.1109/MILCOM.2005.1605912')
(5665, 'Mobile Application and Device Power Usage Measurements', '2012', '10.1109/SERE.2012.19')
(5687, 'Defending worms attack through EDOWA system', '2008', '10.1109/ITSIM.2008.4631567')
(5751, 'Honeyware: A Web-Based Low Interaction Client Honeypot', '2010', '10.1109/ICSTW.2010.41')
(5753, 'Computational intelligence based optimization in wireless sensor network', '2011', '10.1109/ICICT.2011.5983561')
(5775, 'Real time multi stage unsupervised intelligent engine for NIDS to enhance detection rate of unknown attacks', '2013', '10.1109/ICIST.2013.6747642')
(5776, 'Ad hoc key management infrastructure', '2005', '10.1109/ITCC.2005.57')
(5828, 'Voted Spheres: An Online, Fast Approach to Large Scale Learning', '2009', '10.1109/WAINA.2009.79')
(5850, 'Collaborative cloud service model for delivering multimedia content in mCloud', '2014', '')
(5892, 'A Comparison Between Signature and GP-Based IDSs for Link Layer Attacks on WiFi Networks', '2007', '10.1109/CISDA.2007.368156')
(5912, 'Cooperative Intrusion Traceback and Response Architecture (CITRA)', '2001', '10.1109/DISCEX.2001.932192')
(5929, 'MNEMOSYNE: designing and implementing network short-term memory', '2002', '10.1109/ICECCS.2002.1181501')
(5933, 'Adaptive failure detection timers for IGP networks', '2013', '')
(5949, 'Finding the Needle: Suppression of False Alarms in Large Intrusion Detection Data Sets', '2009', '10.1109/CSE.2009.149')
(5972, 'Instrument Element: a new grid component that enables the control of remote instrumentation', '2006', '10.1109/CCGRID.2006.1630943')
(5983, 'Cyber military strategy for cyberspace superiority in cyber warfare', '2012', '10.1109/CyberSec.2012.6246114')
(6023, 'High-Speed Security Analytics Powered by In-Memory Machine Learning Engine', '2015', '10.1109/ISPDC.2015.16')
(6092, 'The security analysis of PhpBB forum', '2014', '10.1049/cp.2014.1367')
(6099, 'Open Source Security Information Management system supporting IT security audit', '2015', '10.1109/CYBConf.2015.7175956')
(6108, 'Detecting VoIP-specific Denial-of-Service using change-point method', '2009', '')
(6119, 'Risk management in VoIP infrastructures using support vector machines', '2010', '10.1109/CNSM.2010.5691338')
(6142, 'Parallel Text Matching Using GPGPU', '2012', '10.1109/SNPD.2012.28')
(6153, 'A Chain Reaction DoS Attack on 3G Networks: Analysis and Defenses', '2009', '10.1109/INFCOM.2009.5062173')
(6215, 'Parallel and distributed computing for cybersecurity', '2005', '10.1109/MDSO.2005.53')
(6253, 'Stochastic analysis of horizontal IP scanning', '2012', '10.1109/INFCOM.2012.6195589')
(6308, 'Agile monitoring for cyber defense', '2001', '10.1109/DISCEX.2001.932227')
(6354, 'Blueprints for a Large-Scale Early Warning System', '2010', '10.1109/PCI.2010.27')
(6366, 'Design and Implementation of TARF: A Trust-Aware Routing Framework for WSNs', '2012', '10.1109/TDSC.2011.58')
(6391, 'The effects of DDoS attacks on flow monitoring applications', '2012', '10.1109/NOMS.2012.6211908')
(6439, 'A stateful intrusion detection system for World-Wide Web servers', '2003', '10.1109/CSAC.2003.1254308')
(6450, 'A Survey on Zero-Day Polymorphic Worm Detection Techniques', '2014', '10.1109/SURV.2014.022714.00160')
(6466, 'Automatic extraction of accurate application-specific sandboxing policy', '2005', '10.1109/MILCOM.2005.1605766')
(6474, 'Verify results of network intrusion alerts using lightweight protocol analysis', '2005', '10.1109/CSAC.2005.62')
(6491, 'DHB-KEY: An efficient key distribution scheme for wireless sensor networks', '2008', '10.1109/MAHSS.2008.4660127')
(6539, 'Hiding data in SIP session', '2015', '10.1109/TSP.2015.7296445')
(6562, 'Browsing behavior mimicking attacks on popular web sites for large botnets', '2011', '10.1109/INFCOMW.2011.5928949')
(6580, 'An intrusion detection based approach for the scalable detection of P2P traffic in the national academic network backbone', '2006', '10.1109/ISCN.2006.1662521')
(6617, 'A SOC Framework for ISP Federation and Attack Forecast by Learning Propagation Patterns', '2007', '10.1109/ISI.2007.379551')
(6633, 'Endpoint Configuration Compliance Monitoring via Virtual Machine Introspection', '2010', '10.1109/HICSS.2010.182')
(6653, 'A Distributed Hierarchical Policy Management System for Security Control over Tactical Mobile Ad Hoc Networks', '2007', '10.1109/MILCOM.2007.4455069')
(6674, 'Towards Situational Awareness of Large-Scale Botnet Probing Events', '2011', '10.1109/TIFS.2010.2086445')
(6713, 'Detecting attacks that exploit application-logic errors through application-level auditing', '2004', '10.1109/CSAC.2004.17')
(6764, 'Local area detection of incoming war dial activity', '1998', '10.1109/RELDIS.1998.740545')
(6801, 'Toward Automated Dynamic Malware Analysis Using CWSandbox', '2007', '10.1109/MSP.2007.45')
(6803, 'A high throughput string matching architecture for intrusion detection and prevention', '2005', '10.1109/ISCA.2005.5')
(6819, 'RRE: A game-theoretic intrusion Response and Recovery Engine', '2009', '10.1109/DSN.2009.5270307')
(6824, 'An Overview of IP Flow-Based Intrusion Detection', '2010', '10.1109/SURV.2010.032210.00054')
(6847, 'Reduction of false positives in intrusion detection via adaptive alert classifier', '2008', '10.1109/ICINFA.2008.4608259')
(6850, 'An abnormal file access behavior detection approach based on file path diversity', '2014', '10.1049/cp.2014.0632')
(6870, 'Danger Theory and Multi-agents Applied for Addressing the Deny of Service Detection Problem in IEEE 802.11 Networks', '2009', '10.1109/ISDA.2009.136')
(6873, 'Analyzing and Correlating Security Events Using State Machine', '2010', '10.1109/CIT.2010.476')
(6926, 'Annotating network trace data for anomaly detection research', '2014', '10.1109/LCNW.2014.6927720')
(6929, 'A fuzzy logic-based information security management for software-defined networks', '2014', '10.1109/ICACT.2014.6778942')
(6935, 'Demonstration Experiments Towards Practical IP Traceback on the Internet', '2010', '10.1109/CCNC.2010.5421839')
(6945, 'Channel Sampling Strategies for Monitoring Wireless Networks', '2006', '10.1109/WIOPT.2006.1666486')
(6969, 'Experience Using Active and Passive Mapping for Network Situational Awareness', '2006', '10.1109/NCA.2006.23')
(6977, 'A Novel Cross Layer Intrusion Detection System in MANET', '2010', '10.1109/AINA.2010.52')
(6980, 'LLSIM: network simulation for correlation and response testing', '2003', '10.1109/DISCEX.2003.1194965')
(6999, 'Research on Counter Bandwidth Depletion DDoS Attacks Based on Genetic Algorithm', '2007', '10.1109/ICNC.2007.619')
(7005, 'Peer-to-peer traffic measurement, analysis and management in an institutional network', '2004', '10.1109/IPOM.2004.1547612')
(7076, 'Distributed denial of services attack protection system with genetic algorithms on Hadoop cluster computing framework', '2015', '10.1109/CEC.2015.7257075')
(7078, 'An innovative way to analyze large ISP data for IMS security and monitoring', '2009', '10.1109/ICIN.2009.5357065')
(7118, 'Bluetooth Network-Based Misuse Detection', '2008', '10.1109/ACSAC.2008.39')
(7136, 'CDCAS: A Novel Cloud Data Center Security Auditing System', '2014', '10.1109/SCC.2014.85')
(7140, 'Detecting anomalous network traffic in organizational private networks', '2013', '10.1109/CogSIMA.2013.6523859')
(7185, 'Automatic Analysis of Large Data Sets: A Walk-Through on Methods from Different Perspectives', '2013', '10.1109/CLOUDCOM-ASIA.2013.47')
(7192, 'A Cooperative AIS Framework for Intrusion Detection', '2007', '10.1109/ICC.2007.237')
(7206, 'Harnessing delay tolerance to increase delivery ratios in mobile ad hoc networks with misbehaving nodes', '2008', '10.1109/MAHSS.2008.4660133')
(7209, 'Model-based validation of an intrusion-tolerant information system', '2004', '10.1109/RELDIS.2004.1353019')
(7223, 'XFA: Faster Signature Matching with Extended Automata', '2008', '10.1109/SP.2008.14')
(7234, 'A TCP delay-based mechanism for detecting congestion in the Internet', '2013', '10.1109/ICCITechnology.2013.6579538')
(7240, 'Defending distributed systems against malicious intrusions and network anomalies', '2005', '10.1109/IPDPS.2005.160')
(7258, 'FDF: Frequency Detection-Based Filtering of Scanning Worms', '2006', '10.1109/ICC.2006.255084')
(7282, 'Active mapping: resisting NIDS evasion without altering traffic', '2003', '10.1109/SECPRI.2003.1199327')
(7310, 'A Survey of Ethernet LAN Security', '2013', '10.1109/SURV.2012.121112.00190')
(7320, 'Software Crash Analysis for Automatic Exploit Generation on Binary Programs', '2014', '10.1109/TR.2014.2299198')
(7344, 'Formalizing sensitivity in static analysis for intrusion detection', '2004', '10.1109/SECPRI.2004.1301324')
(7353, 'Monitoring Regular Expressions on Out-of-Order Streams', '2007', '10.1109/ICDE.2007.369001')
(7396, 'Off-path round trip time measurement via TCP/IP side channels', '2015', '10.1109/INFOCOM.2015.7218538')
(7450, 'Wireless Security Issues in Pervasive Computing', '2010', '10.1109/ICGEC.2010.133')
(7506, 'Learning unknown attacks - a start', '2003', '10.1109/FITS.2003.1264944')
(7529, 'Intrusion Detection System Modeling', '2006', '10.1109/HPCMP-UGC.2006.41')
(7568, 'AWide Area Log Analyzing System Based on Mobile Agents', '2006', '10.1109/CIMCA.2006.56')
(7587, 'Recent Advances in Network Intrusion Detection System Tuning', '2006', '10.1109/CISS.2006.286375')
(7588, 'GA-Based Filtering Algorithm to Defend against DDoS Attack in High Speed Network', '2008', '10.1109/ICNC.2008.555')
(7613, 'Training a neural-network based intrusion detector to recognize novel attacks', '2001', '10.1109/3468.935046')
(7619, 'Characterization and visualization of sophisticated scanning attacks', '2013', '10.1109/ICC.2013.6654827')
(7620, 'TCP SYN flood detection based on payload analysis', '2010', '10.1109/SCORED.2010.5703991')
(7637, 'The monitoring and early detection of Internet worms', '2005', '10.1109/TNET.2005.857113')
(7638, 'Composable tools for network discovery and security analysis', '2002', '10.1109/CSAC.2002.1176274')
(7669, 'Profiling and mitigating brute force attack in home wireless LAN', '2014', '10.1109/ICCST.2014.7045190')
(7675, 'DoS attacks and defense mechanisms in wireless networks', '2005', '10.1109/MTAS.2005.207176')
(7694, 'Inside the Slammer worm', '2003', '10.1109/MSECP.2003.1219056')
(7700, 'SCAMPI: a scalable CAM-based algorithm for multiple pattern inspection', '2009', '10.1145/1654059.1654106')
(7703, 'Apply data mining to defense-in-depth network security system', '2005', '10.1109/AINA.2005.118')
(7728, 'Comprehensive approach to intrusion detection alert correlation', '2004', '10.1109/TDSC.2004.21')
(7735, 'Using Multiclass Machine Learning Methods to Classify Malicious Behaviors Aimed at Web Systems', '2012', '10.1109/ISSRE.2012.30')
(7797, 'Counterplanning deceptions to foil cyber-attack plans', '2003', '10.1109/SMCSIA.2003.1232422')
(7819, 'A signature database for Intrusion Detection Systems targeting Voice over Internet Protocol environments', '2008', '10.1109/MILCOM.2008.4753179')
(7827, 'Heterogeneous Multi-Sensor Data Fusion with Multi-Class Support Vector Machines: Creating Network Security Situation Awareness', '2007', '10.1109/ICMLC.2007.4370604')
(7852, 'Analysis of SIP-Based Threats Using a VoIP Honeynet System', '2012', '10.1109/TrustCom.2012.90')
(7860, 'Energy efficient and reliable routing for mobile wireless sensor networks', '2010', '10.1109/DCOSSW.2010.5593277')
(7874, 'Effective event description using trend template language and efficient intrusion detection', '2007', '10.1109/ICSMC.2007.4413743')
(7896, 'Toward a feature classification scheme for network intrusion detection', '2006', '10.1109/CNSR.2006.53')
(7900, 'Intelligent multi-agent based back-propagation neural network forecasting model for statistical database anomaly prevention system', '2004', '10.1109/ICISIP.2004.1287634')
(7930, 'Intrusion detection system using Optimum-Path Forest', '2011', '10.1109/LCN.2011.6115182')
(7940, 'Experimental evaluation of Snort against DDoS attacks under different hardware configurations', '2013', '10.1109/NCIA.2013.6725321')
(7957, 'How to enhance security by image analytics', '2008', '')
(7963, 'A DoS Resilient Flow-level Intrusion Detection Approach for High-speed Networks', '2006', '10.1109/ICDCS.2006.6')
(7964, 'Effective Detection of SQL/XPath Injection Vulnerabilities in Web Services', '2009', '10.1109/SCC.2009.23')
(8024, 'Detection of Unknown Computer Worms Activity Based on Computer Behavior using Data Mining', '2007', '10.1109/CISDA.2007.368150')
(8036, 'Deadline-aware scheduling for Software Transactional Memory', '2011', '10.1109/DSN.2011.5958224')
(8039, 'Analyzing User Behavior Using Keystroke Dynamics to Protect Cloud from Malicious Insiders', '2014', '10.1109/CCEM.2014.7015481')
(8073, 'A Novel Method for Network Anomaly Detection Using Superstatistics', '2008', '10.1109/CISIS.2008.24')
(8098, 'Adaptive load-aware sampling for network monitoring on multicore commodity hardware', '2013', '')
(8127, 'Virtual Inline: A Technique of Combining IDS and IPS Together in Response Intrusion', '2009', '10.1109/ETCS.2009.255')
